Entry	EC number	Sequence
E0VIU9	2.3.2.31	MSILEWFWNILCGMAQYLTFSKNLTNDNLVNIYVKSNVGGTISVNLDPKSDIKNVKELVAPKLGLEPDDVKIIFAGKELLDSTVIEVLDFFSDILHAVKVNKKIKNVIPDKPLCETLEELHQLNDQKNVESIEESNLKNEGKNKAHFFIYCANPCKKINTGKLRVCCSECKHGAFTVDTDPQSWADVLDKNKITGVCNNVGCEGLYAKFYFKCASHPSQGENDTAVPLNLIKRNHKKIPCLACTDICDPVLVFSCDNRHVTCLECFKNYCGSRLKDRQFLSHPDFGYTLPCPAGCSNSFIEEVHHFRLLTDAQYEQYHRFATEEFILQAGGVLCPQPGCGQGILIDQNCNRVQCSCGYVFCGKCLEGFHLGECLNPTDVPFLSQNCDYPLDPEKLEKARWDEASSTVIKVLTKPCPKCRTSTERAGGCMHMICTRANCGFHWCWVCQGPWERDCMASHWFG
P47482	2.7.7.18;3.6.1.41	MKQKIIIFGGSFDPIHNAHLYIAKHAIKKIKAQKLFFVPTYNGIFKNNFHASNKDRIAMLKLAIKSVNNALVSNFDIKTKNAFSINTVNHFKSCYPTSEIYFLIGSDKLNELEKWDHIQQLKDLCTFVCYERKPYPFNKKIANQFNVKYLAKCPLEIASSKLLNQPRKKLIPLAVLNYINTNHLYLIPTLKAMVDDKRFQHCLRVGKLAKQLAIANKLDAKRAFVAGAYHDLAKQLPVDQLVNIATSELKITNYPSWKVLHSYVGAYILKNWFGVKDKMIINAIKNHTIPPKQVSKLDMIVYLADKLEPNRKQEQWSGGIEIDQLVKLAKSNLKQAYLITLKYVQNLVKD
Q8IWZ4	2.3.2.27	MSRRIIVGTLQRTQRNMNSGISQVFQRELTCPICMNYFIDPVTIDCGHSFCRPCFYLNWQDIPILTQCFECIKTIQQRNLKTNIRLKKMASLARKASLWLFLSSEEQMCGIHRETKKMFCEVDRSLLCLLCSSSQEHRYHRHCPAEWAAEEHWEKLLKKMQSLWEKACENQRNLNVETTRISHWKAFGDILYRSESVLLHMPQPLNLALRAGPITGLRDRLNQF
D0UZK2	4.2.3.73	MSSGETFRPTADFHPSLWRNHFLKGASDFKTVDHTATQERHEALKEEVRRMITDAEDKPVQKLRLIDEVQRLGVAYHFEKEIEDAIQKLCPIYIDSNRADLHTVSLHFRLLRQQGIKISCDVFEKFKDDEGRFKSSLINDVQGMLSLYEAAYMAVRGEHILDEAIAFTTTHLKSLVAQDHVTPKLAEQINHALYRPLRKTLPRLEARYFMSMINSTSDHLYNKTLLNFAKLDFNILLELHKEELNELTKWWKDLDFTTKLPYARDRLVELYFWDLGTYFEPQYAFGRKIMTQLNYILSIIDDTYDAYGTLEELSLFTEAVQRWNIEAVDMLPEYMKLIYRTLLDAFNEIEEDMAKQGRSHCVRYAKEENQKVIGAYSVQAKWFSEGYVPTIEEYMPIALTSCAYTFVITNSFLGMGDFATKEVFEWISNNPKVVKAASVICRLMDDMQGHEFEQKRGHVASAIECYTKQHGVSKEEAIKMFEEEVANAWKDINEELMMKPTVVARPLLGTILNLARAIDFIYKEDDGYTHSYLIKDQIASVLGDHVPF
G0Y7D1	4.2.3.106	MSLIIQSLPHWSRIPPRPPQLSQFQNSSRPKPLIQAGQVQHNALQIARRSANYHPSIWDPQYIESLKSPYGDECFGTRLEKLKFEAKRLLEATIEPLSWLELVDSIQRLGVAYHFEDEIKEGLDGVYGVGAHAGDDLYTAALQFRLLRQHGYGVTPDIFNKFLEKERTFKACTSLDAKGLLSLYEASHTMIHGEEVLEDAKEFSVKHLNYLMGNLQNNLREQVQHALEMPLHWRMPRLEAKHYIDVNGRSDERNMVLLELARLDFNFVQSKHQEELKEVSRWWRDLGLAKKLGFSRDRLVENYLWAVGIAPEPKFSNCRKGLTKLISILTVIDDIYDVYGSLDELELFTEAVKRWDIEALETLPEYMKICYLALFNFVHEVSYDTLKDYGWNILPFIREEWERLCMSYLVEAEWFGNGNKPALDEYLRNGWISVGGPVAMVHAYFLQGRPIRKDSINFLDHGSELIYWSSVATRLNDDLGTSKAEMKRGDVPKAVECYMIQTGESYEDAREHIQGLVRDCWKKMNEECLKCCLPKSYVETVLNMVRTAQCIYQHGDGIGTSTGVTQDRVISLICEPVPSQWP
I7GPX8	4.2.3.20	MASHVLASLRSASARISTRLQSRSCILATATSFSNGFVSASLVQSMSTTTQCDESVARRSANYEPPIWTYDYVQSLRNPYAGGSYAKRIEKLKGDVRVMLQKLVDLDPLHQLEFIDTLQRLGVSYHYQEGIKGILDTVYNNYMQKQESLYAVALGFRLFRQHGYHIPADIFSSFRDDKGNLKSCLGDDCRGILALYEAAHLLVEEERDIFYEIVNFTTAYLKEYVKHDNDEYLSALVNHSLEIPLHWRVLRLEARWFIGAYERAPNTHPILLEFAKLDFNDVQATHQEDLKFMSRWWKNTGLDREKMNFARDRIVQNVLWSLGIIFEPQFAYCRRMSVKAYAFITLIDDVYDVYGTLDELELFTDAVDRWDATAIEKLPDYMKPIFRTLYTSINDMALDARKDRGVDTRPFLHKAWSTLFNYYLMEAKWFSNGYMPTYKEYMDIAWFSVGGPVMIVHSYCAIANPATKENMEFFQEYYDIIRLWSTILRFKDDMGTSSDELKRGDNPKSIQCYMHESGVSEKEARQHLGNLITETWMKVNKNRAENPHLSDVYMGIAINMARMALCMYQFGDGHAVEAHSKDRVLSLLINPIPCP
A0A142BX70	4.2.3.57;4.2.3.127	MEVKQEVLRPVSNFKPSIWGDQFLVYDEKEEDATVAQLIECLKEEVRKEIMVALDDRNKHANLLKLVSDIQRLGISYCFKQEIEQALGHIYDVYGDEWEGGSLSIWFRLLRQQGFFVSCDIFKKYKNNDGTFKDSLTRNVEGMLELYEAAYLRVRGEVILDDALAFTKGQLEKITKDPLQWNCNLSLSKHIKEALERPIWKRLPRLEVVRYIPFYEQQDSHNESLLRLAKLEFNRLQSLHKRELSQLSKWWKDFEPTKNLHYVRDRLVELYFWVLGVYFEPQYSRSRIFLTKVIKIATVLDDTYDNYGVYDELEIFTDAIDRWSITCIDALPDYMKFIYKILLDTYGEMEEIMASEGKAYQVYYAKEALKELSRNYMIEAKWTNEGYEPTLKEHETVSFITAGYQMLTPSSFVGMGETVTEEPFKWALTFPPLIKSASVVSRIMDDIIGHKEEGKRKHVVSTVECYMKEHDVTEEYVYDLFKERVEDAWKDMNLELLTCENIPLALKMRTINLARVIESIYKYDDNLKNVGAEIQDNIKSCFIISMSI
I7H727	4.2.3.104;4.2.3.198	MSVPVSQIPSLKAKGVIMRRNANYHPNIWGDRFINYVPVDKMNHTCHLQAIEELKDAVRRELLTATGLSQLNLIDAIQRLGVGYHFERELEEALQHVYHKNHYHDDTEDNLYSISLRFRLLRQHGYYVSCDILNKFKDEKDNFKESLTTDVPGMLSLYEAAHPGVHGEDILDEAIAFTTTHLKSLAIDHLRNPSLASQVIHALRQPLHRGVPRLENRRYISIYQDEVSHNKALVKLFKLDFNLVQSLHKKELSEISRWWKELDLANKLPFARDRLVECYFWIIGVYYEPQYSLARKILTKTIAMGSIIDDIYDVYGTPEELNLFTDAIERWDASCMDQLPEYMQIFYEALLDLYNEIEKEIAKEGWSYRVHYAKEAMKILARGYHDESKWFHNNYIPTMEEYMHVALVTSGYTMLTTSSFLGMDNIVTKETFDWVFSGPKIIRASGTIARLMDDVKSHKFEQERGHAASAVECYMEQHGVSEQEVCKEFYQQVGNAWKDINQDFLKPTDVPMTILMRVLNLARVIDVVYKEGDGYTHVGKVMKENVASLLIDPIPV
G0Y7D3	4.2.3.110	MALQLLTPSFSFQHSPSPHRLTTLRYTHHTIRCTASAPSYSDLVGRRSANYKPSKWDSNFVETLESDYKKENHEMYIEKLMGDVKHLMKKVVNPIEKMELVDTIQRLGLGYLFNKEIKEVLNTIATSKATFKTKKDLHAVALQFRLLRQHGYEVSPDAFHKFKDEKGGFKESLCMDIKGMLSLYEASHLSFQGEVVLDEAREFTSTHLKAIEGNIDPVLLKKVRHSLEMPLHWRMLRLEARWYIETYDEEDRKNPSLAELAKHDFNSVQTIYQRSLKRMSRWWRDLGLGERLEFSRDRLVECFFWTTGVIFDPQFERCRGVLTKVNQLVSTIDDVYDVYGSLEELELFTDAVDRWDIRAMEQLPEYMKICYLALYNTTNDIAYEALKEEGLDVIPYLKKVWTDLCKSYIVEARWYSNGYKPTLEEYLENAWTSIAGPVALGHAYFSFGQKMPFEALNYSNTSSLIKWSSMIFRLCDDLATSSDEVARGDVPKSIQCYMYEAGVSESVARDHIKYLIDEAWKKMNECLVPSTPFLQPLINAGFNLARMAHCMYEHGDGHGFSNELDKKRVLLLLAEPFKFM
Q06ZW3	2.1.1.366	METEADTAKTFWSEVDVDGVFDELMEVLRRLRHTLRHNTATDREYVQAMRIVQESKLIRTETEDVLLDEDILTVTVSEPQCSPESLQNGIEPEDPQHSTARLYSDVGVVCSHMSSSRPDPAAPLVFQPHVCSSACVPHLPAHTHHLLGHNPLRAPLLCHFQRVCDDAGVVYKAPCGRSLSCMQEVLHFLLQTQSVCVLQTDRFSFSTQVCVERQVCAAPLLERDLSRGLEPVPVALVNTVDGARPREFRYRRERWPHGCFLSAEPLYSVCCDCTDGCTDAHSCACVRRTAGAAYTHQRLTHTLRTGLFECGPWCGCERSRCENRVVQKGLRVRLQVFRTPEHMWAVRCRDDLDAGTFICIYAGVVLRLQQSSECPAERSGEPAVSDDEVQLVEEWRIPEETHTHTHTLDSSPPLHVPVIQRPAEHSLAQRRDQQQFSISSETEDNRCEQALRKKPRLMESNGLQDSRTHTLTHTHDGVYYLDASREGNVARFFTHSDDPNLFIQNVFTDTHDPQFPLIAFFTCRPVKAGTELTWSCTNTEQQKTEEKHCSV
Q57596	2.1.1.72	MLLEFADLDNWVKKRGSILFKKFKYEPFTLEEADKALKEEGIEAENTKELLSILRRKEIIIAKKDPKDKRKRLYQFVKSAKKPTKDNLIRNLKYCADLIRTSVDYKVLLVFLFYKAISDKYLALVEKFVSEGYSKTQAYLMANRSYLTLYDEDEGKLYVWHEIVKSRETIMELANALNKIANLNDNLKDLSKLVEVLGLIGFINEDNMHILEELVRVYNEMDFSEIDYDAIGDAYQWILSYFAPQKCKEGEVYTPVEVVRLIVNLLDIEKDSEVLDPACGSGTMLIESYRYVKDNYGGEIYLYGQERNEIMAILAKLNLILHGVDSEEYEIYIGDSLKNPKIWRGEVDYTIANPPWNLDGYNEDVLKENPDVRRIYNTFVRGGYPPKQSADWAWVQLMLYFARKKVGIVLDSGALFRGGKEKKIRKEIVEKDLIEAIILLPEKLFYNVTAPGIVMILNKNKPEERKGKILFINASLEFEKHPEVRRLNRLGEENIDKIVDVYENWEDIEGFSRVVDLEEIRKNDYNLNVSLYVFPVEEKEDIDLRKELEEFKEIEKKEKEVLDEVIGYVEGILRAGS
A0A163UT06	2.1.1.364	MNIKHNYISYFQMNGIQIPGISNPEAIIPITGEKKSYKLVLDFNDGAISIIEARYLDSKLHREIQDLSDNDVTILGTEISDGAYDENLDIHCDKCNKFYRPYCRLHPLFKIPDRVLKRDESSNLSFSQQTLPILFRIEESKLPNAGLGVIAEVFIPVGMVFGPYKGRRCQKKTDFYKDGYAWLIKSGDKRFYIDGSDAERSNWLRYINSPRFEDEQNMLAFQTNGKIFYRVIKPIRINQELLVWYGSSYGNEFVESENGNKYKKPAKNPFICVGAQR
Q9UAV5	1.1.1.37	MSAPLRVLVTGAAGQIGYSIVIRIADGTVFGKEQPVELVLLDVPQCSNILEGVVFELQDCALPTLFSVVAVTDEKSAFTGIDYAFLVGAMPRREGMERKDLLAANVKIFKSQGKALAEYAKPTTKVIVVGNPANTNAFIAAKYAAGKIPAKNFSAMTRLDHNRALAQLALKTGTTIGNVKNVIIWGNHSGTQFPDVTHATVNKNGTETDAYAAVGDNAFLQGPFIATVQKRGGVIIEKRKLSSAMSAAKAACDHIHDWHFGTKAGQFVSMAVPSDGSYGIPQGLIFSFPVTIEGGEWKIVQGLSFDDFAKGKIAATTKELEEERDDALKACDDANI
I1RY35	2.3.3.10	MSSRPQNIGIKAIELYFPSQYVDQVELEKFDGVSAGKYTIGLGQTKMSFCDDREDIYSFALTATSKLLKNYNIDPNSIGFLEVGTETLLDKSKSVKSVLMQLFGDNTNIEGVDTINACYGGTNAVFNAINWVESSAWDGRDAIVVAGDIALYAKGNARPTGGAGAVALLIGPNAPIVAEPGLRGTYMQHAYDFYKPDLTSEYPYVDGHYSVNCYSKALDAAYRAYCKREAKQANGTNGVTNGDASTKTGLDRFDYMAFHSPTCKLVQKSYARLLYHDYLANADSPVFAEVAPELRDMDYEKSLTDKVVEKTFMTLTKKRFQERVNPAIQVATNCGNMYCGSVWSGLASLISVVDNKDLEGKRIGLFSYGSGLAASFLSFRINGSVDKISDVLNIPSRLESRRAVPPETYDQMCDLRKQAHLQKDYTPKGDPSTILPGTYYLTKVDDMFKREYAIKE
Q4PID3	3.1.2.22	MSVLKTLVINPRSGVKPTATLFFLHGLGDSSAGWSDVAQMLSQRPSLSHVRFVLPNAPIQPVTLNMGMPMPSWFDILALDDLSGAEDEAGLLKSTDEIKKLIKAENDGTAKDLDGHKIPSERIVVGGFSQGGAISLLTGLTNPTPVAGVAALSTWLPLRAKIATLRTPTSKTLKVFQAHGDADPVVKYEYGQRTVDFLKNELALNDKDVEFHTYPRMPHSACPEEIRDLAAFLEKVIPAQ
Q0P8J1	2.7.7.71	MQAIILCGGLGTRLKSIIKDIPKPMAPINDKPFLEFIFEYLKKQGIKEVILAVSYKYEVIKEYFKDEFLGIKIKYSIEKEPLGTGGAIKETLKFVKNEAYVLNGDTFFDIDLSKLKLNESKICLALKQMNDFDRYGTVNVDEQDLVISFEEKVFKKQGLINGGIYLLTKDIFNDFALQEKFSFEEFLQENYKKLKARACIFDDYFIDIGVPEDYYHFLINN
Q9LDQ3	2.7.11.1	MKLKISFLPTFLIFLISLDSVTAQEICFSGFFKPNSTYDLNRRQILSTLSSNVTSHNGFFNSKFGQAPNRVFINGMCIPGTKPETCSDCIKGASDKISESCPNKTDAYTWPDCCMVRYSNVSFSGSLVMEPSETLYHTGDIEDTGTNLTVFDRIWEELMLRTITAASLSSSNGSSFGQKYFAAEVASLTTFQTMYAMMQCTPDVSSKDCEFCLKTSVGDYESCCRGKQGGAVIRPSCFVRWDLYPYAGAFENVTFPPPPPQSLPQPPVSLIPPPVSDRANTTIKGIIVAIVVPIIVILVSLVVLLVVCRRKKSYKTTEVQATDEITTTHSLQFSFKTIEAATDKFSDSNMIGRGGFGEVYRGKLSSGPEVAVKRLSKTSGQGAEEFKNEAVLVSKLQHKNLVRLLGFCLEGEEKILVYEFVPNKSLDYFLFDPAKQGELDWTRRYNIIGGIARGILYLHQDSRLTIIHRDLKASNILLDADMNPKIADFGMARIFGVDQSQANTRRIAGTFGYMSPEYAMRGHFSMKSDVYSFGVLVLEIISGKKNSSFYNIDDSGSNLVTHAWRLWRNGSPLELVDPTIGESYQSSEATRCIHIALLCVQEDPADRPLLPAIIMMLTSSTTTLHVPRAPGFCLSGRDLEQDGVEYTESTSRSIPGSINDASITEFYPR
Q68F54	1.14.11.53	MKKRGVLCEEEKEVKKRKLLEQIGDGHLPYLSSKDDTFYDLWGSCYSKLTLLQAKHVPVDLHHTVQNAFLSLLRNGCLFQDLVRLKGKDIITPVSRILIGRPGYTYKYLNTRLFAVPWINDELNTQYSTRNLLETYKAFSDLNDFLYSQTVNELQKLGKIHKDNFFQHSEYKEQIKSDQRPSTSNYENVKLHSMESFNVTLINYMDPQNMSFLKEEPYFGMGKMAVSWHHDENLVEQSTVAVYNYSYQESSNDVNGEDEDPTRWHVGLKIAWDIETPGLLMPLSSGDCYLMLDDLNKTHQHCVIAGCQPRFSSTHRVAESSTGTLQYIKSQCNSALQNLHMNPDTGAADLKNLEPNVLGQTEEIHNEVEFEWLRQFWFQGKRYNKCTTFWKEAMTELEIHWKQMETMTSLVLKAIENENLTVDEKCNILKNILPPLVERQDLRHDWRERCRSKLAKMLPPDQVPCFYPYWNDDNKTMPLPFDLHNIISALQKTLEENELKL
A0A011QK89	1.1.99.2	MESIEAVVIGAGVVGLACARELARRGFETVILERHGAFGTETSARNSEVIHAGLYYPTDSLKARLCVAGRQQLYAFCATHAISHQRCGKLVVATSPAQESRLAALQKQGEANGVDDLQRLSAAEARALEPGLACTAALLSPSTGIVDSHGLMLALLGDAETAGAALALHSPLLRGSLDANTPGIVLESGGADGLRFKARRVINAAGLWAPQVAASLAGFPRTLIPANFHAKGSYYALTGRTPFSRLVYPLPEAGGLGVHLTLDLGGQARFGPDVEWLPDPTPGQPIDEPDYRVDPARADAFYAEIRRYWPALPDAALTPAYAGIRPKIVGPGAPAADFLIQGPAQHGIAGLVNLFGIESPGLTACLAIAERAADAADGTRERQFRAHG
A0A0M7LBC1	1.1.99.2	MSVDVDCVVIGAGVVGLAIARALAQSGREVLVAEATEAIGTGTSSRNSEVIHAGIYYPAGSLKARLCVRGKHLLYSYCAERGVPYKRLGKLIVATTTEQAAQLEGIAQRARANGVDDLQFISGEDAMRLEPALRCTAALSSPSTGIVDSHALMLSFQGDAENAGAQCVFHTPLVSGRVRPEGGFELQFGGDDAMTLSCNVLINSAGLHAPALARRIDGLPASNIPKDYLCKGSYFTLSGRAPFSRLIYPVPQHAGLGVHLTLDLGGQAKFGPDTEWVETEDYTLDPARADVFYEAVRSYWPALPDDALAPGYTGIRPKISGPHEPAADFVIAGPAAHGVPGLVNLFGIESPGLTSSLALAEETLARLNG
S2DJ52	1.1.99.2	MDFQVIIIGGGIVGLATGLKIKQRNPNIKVALLEKEEEVAKHQTGNNSGVIHSGLYYKPGSLKAKNCIEGYHELVRFCEEENIPFELTGKVVVATRKEQVPLLNSLLERGLQNGLKGTRSITLDELKHFEPYCAGVAAIHVPQTGIVDYKLVAEKYAEKFQILGGQVFLGHKVIKVETQNTASIIHTSKGSFSTNLLINCAGLYSDKVAQMNQKESLDVKIIPFRGEYYKIKKEREYLVKNLIYPVPDPNFPFLGVHFTRMMKGGVEAGPNAVLAFKREGYKKSQVNFSELAETLSWPGFQKVASKYWKTGMGELFRSFSKKAFTDALKELIPDIQESDLIEGGAGVRAQACDRTGGLLDDFCIREDQNAIHVLNAPSPAATSSLSIGGTVCEWALKRF
Q4WQ95	5.4.99.7	MNRLAKTDYSRWRMLDEDGKHTWHYLDDDEAARTWPQTLADKYYLGLPLDLPDLPTATSPLDSAINGLKFFSKLQLPPGNWGCEYGGPMFLLPGVVIAWVVTETPIPQAYAIEIKNYLMARANPVDGGWGLHSEGDSSVFGTSLNYTVLRLLGVDSEHPVMVQARGLLHRLGGALNAPHWSKFWLAVLGVCDWEVVNPVPPEAWLLPDWVPVAPWRWWVHIRQVFLPMSWIWSKRWTAAETDVVRALRRELFVQPWESIEWAAHRNDIAPTDNYHPKSWLLNSVNWILSNIWIPYLRPRSLATRAEDWVSKLIDMEDANSDYADLASVNGPLNMIVCYIRDGPDSYSVRRHRERMEEFLWVNKEGMLANGTNGVQCWDTAFLIQAVWSAGLAEDAQFKPMLVQALEFLDRQQIRENCQDQGVCYRHVRKGAWAFSNRDQGYGVSDCISEALKAVIVLQKEADGYPQLLEDQRIFDAVDTLLTYQNPSGGCASYEPTRGSEYLEMLNTAEVFGRIMVEYDYPECTSAVLTALVLFSKHWPDYRREEIQTFIQRGVDFIKRAQRPDGSWYGSWAVCFTYGTMFALECLRSAGETYENSEHVRRGCEFLLSKQREDGGWSESFQSCEQMTYIEHPTGSQVVQTAFAIIAVLSVDYPDVEPIHRGVRMIMSRQQRNGEWLQEGIEGIFNKSCAITYPNYKFIFPILALGKFGRKYPHLV
D7NJ68	5.4.99.7	MAAYAPLELPASGALPFTDYARWRLRLSPNGDHTWHYLRTDDEVAAWPQSTYDKYWLGQDVGLPELPPPTNALEAARNGYRFFQKHQTERGHWAGEYGGPMFLLPGLVIGSYVCGMGFKTEERLEMIRYLFNHVNEDGGWGIHIEGPSTVFGTALNYCAARILGLKADHPVAVKARACLHKLGGAVGIPSWGKFWLSILNVYDWEGNHPIPSELWLLPDWVPIHPHRWWIHTRNVYIPMGYLYGVRFKMEENELVSSLRQELYTTNYYSIDWPAQRSNVAAVDLYTPHSAVLEGLYTLLGAYESCALPPLRRAAIRRCYELVVLEDENTDCQDLGPVNKMMNQIVRVHAEGRESAGAKRHLERRHDFMWMGAEGMMMCGTNGSQLWDIGFMAQALIETGLGAEDEFRESALRALQWLDNCQIRENPKHYRTAYRHQTKGAWPFSTKTQGYTVSDCTGEGLKAVLYLQEHVKGAPKLISERRLCDAVDVLLSLQNTDGGFASYELIRAPQWMEWLNPAEVFGNIMTEFNYPECTTSVITALAIFRKHYPHYRTADIQRTITHAVDYLHKAQRPEGGWFGSWGICFTYATQFALESLALVGETYETSAASRRACEFLVSKQRADGGWGESYKACEVIEWVEHKDTQVVQTCWAAMALMYAKYPHPEPIERAVKLVMSRQRPDGSWPQEAIEGVFNKNVAISYPNFKFEFTIWMLGRAHRYLKELHAKK
I1RE80	1.14.19.41	MEAVNSTTSGFSSVLAGTKYANVNIPPQIDYVIEAVSNAGVWTWVFTLVALCIAYDQIAYIVRKGPIVGPAMKIPFIGPFLDSMDPRFDGYHAKWSSGPLSCVSIFHKFVVIASTRDMARKVFNSPAYVKPTVVDVAPKLLGHDNWVFLDGKAHVDFRKGLNGLFTRKALELYLPGQEEAYNTYFKHFLKMTKDAGGKPVPFMHEFREVMCAVSCRTFVGHYISDEAVTKIAEDYYLITAALELVNLPVILPYTKSWYGKKAADMVLAEFSKCAAKSKVRMAAGGEVTCIMDAWILSMIQSERWRKAEEKGEPHNVEKPSPLLRMFNDYEISQTIFTFLFASQDATSSAATWLFQVTAQRPDVLDRVREENIKIRNGDPNAPLTMDQLESLTYTRAVVRELLRWRPPVIMVPYVTKKAFPLTDDYTVPKGSMLIPTTFMALHDPEVYDNPSHFDPERYYSGDAEEKGSKNYLVFGTGPHYCLGQVYAQLNLALMIGKASVMLDWKHHATPKSEEIKVFATIFPMDDCPLTFEERKW
A1IIX4	1.3.1.32	MQPFVYTTAPARIVFGTGSSVGVAEEIRRLGLSRALVLSTPHQKGDAEALAARLGPLAAGVFSDAAMHTPVEVTKRAVEAYRAAGADCVVSLGGGSTTGLGKAIALRTDAPQIVIPTTYAGSEVTPILGQTENGVKTTLRGPEILPEVVIYDAELTLGLPVGISMTSGLNAMAHAAEALYARDRNPIASMMAVEGLRAMIEALPGVRMEPQDTKARETALYGAWLCGTVLGAVGMSLHHKLCHTLGGSLDLPHAETHAVLLPYTIAYVEQAVPDQLAPLAALVGGRAGTGLYDFAARLGAPASLAALGVGGEDLDAMAELATANPYWCPRPVEKTAIRALLQRAFEGARPE
Q0P8I9	2.7.1.168	MKTIRTQTPLRLGLAGGGTDINLYCDKYTGYVLNATISLYIHCTLIKREDGKIIFDSPDTNSYCEYESKEFLGNDGKLDIFKSIYNRIVKDFTKKPLSFSLHTYSDVPSGSGLGGSSTLVVGVIKAFAEWLNLPLGEYEIAKLAYEIEREDLGIVGGAQDQYAATFGGFNFMEFYNNKRVIVNPLRIKNWIASELEARTVLYFTNITREAKDIEEHKKGKLGDEKSLEAMHAIKQDAIKMKEALFRADFGTLAQILGKSWRSKKIISEIVSNDELERIYKLAIDNGAYSGKTSGAGAGGFMFFFVDPTKKYNLIKALRKEQGYVQDFSFTKEGVKSWRI
Q4WM52	5.3.3.2	MTSTATVTVPPRITAENVATLFPEVDTSLAREVFPSTVEGSAKDSEELAGYDEEQVRLMDEVCIVLDDDDKPIGSASKKACHLMTNIDRGLLHRAFSVFLFDSNNRLLLQQRASEKITFPDMWTNTCCSHPLGIPGETGAELDAAVLGVKRAAQRKLDQELGIKAEQVPLEKFEFFTRIHYKAPSDGKWGEHETVTDTQILVDYILFIQADVDLNVNPNEVRDTKYVSAQELKQMFTQPGLKFTPWFKLICNSMLFEWWSYLGTADLDKYKGEKEIRRM
B4YA15	2.5.1.10;2.5.1.1	MADAKAQKRQKFDNVFPKLREELLAYLNQEGMPQDAVSWFQRNLDYNVPGGKLNRGISVVDSVEILKGRKLNDDEYFKAALLGWCVEFLQAFFLVSDDMMDQSVTRRGQPCWFRVEGINLIAINDSFMLEGAIYYLLKKHFRSEPYYVHLLELFHDTTFQTEIGQLIDLITAPEDHVDLSKFSLAKHQKIVIYKTAYYSFYLPVALAMYTCGVPHAPANDPYALAQSILIPLGEYFQVQDDFLDFAAPPEVLGKVGTDIVDNKCSWCVNAALARASPAQRRVLDDNYGLKDKEAEARVKALYEELGIRDEFAAYEERAYARIVGLIETIPAEGADVGAGDVRLKREVFKAFLDKIYKRQK
B0YA65	2.3.1.9	MSSLPAVYIVSSARTPVGSFLGSLSSLTAPQLGAHAIKAALAKVDGLKPSDVQEVFFGNVISANVGQNPARQCALGAGLEESTICTTVNKVCASGLKAIILGAQTIMTGNADVVVAGGTESMSNAPHYLPNLRTGAKYGHQSLVDGIMKDGLTDAGKQELMGLQAEECAQDHGFSREQQDEYAIRTYEKAQAAQKAGLFDEEIAPIQLPGFRGKPDVTVTQDEEPKNLNPEKLRAIKPAFIPGSGTVTAPNSSPLNDGAAAVVLVSEAKLKELNLKPVAKILGWGDAAQQPSKFTTAPALAIPKALKHAGVGQDAIDAFEINEAFSVVALANMKLLGIPEEKVNLHGGAVAIGHPIGASGARILTTLLGVLKAKKGKLGCAGICNGGGGASALVVELL
Q4WCL5	2.3.1.9	MSSLPAVYIVSSARTPVGSFLGSLSSLTAPQLGAHAIKAALAKVDGLKPSDVQEVFFGNVISANVGQNPARQCALGAGLEESTICTTVNKVCASGLKAIILGAQTIMTGNADVVVAGGTESMSNAPHYLPNLRTGAKYGHQSLVDGIMKDGLTDAGKQELMGLQAEECAQDHGFSREQQDEYAIRTYEKAQAAQKAGLFDEEIAPIQLPGFRGKPDVTVTQDEEPKNLNPEKLRAIKPAFIPGSGTVTAPNSSPLNDGAAAVVLVSEAKLKELNLKPVAKILGWGDAAQQPSKFTTAPALAIPKALKHAGVGQDAIDAFEINEAFSVVALANMKLLGIPEEKVNLHGGAVAIGHPIGASGARILTTLLGVLKAKKGKLGCAGICNGGGGASALVVELL
P75063	1.1.3.21	METRDVLIVGGGVIGCATAYELSQYKLKVTLVEKHHYLAQETSHANSGVIHTGIDPNPHKLTAKYNILGKKLWLNTYFKRLGFPRQKIRTLIVAFNEMEREQLEVLKQRGIANQINLEDIQMLSKEETLKLEPYVNPEIVAGLKIEGSWAIDPVLASKCLALAAQQNKVQICTNTEVTNISKQVDGTYLVWTNNETTPSFKVKKIIDAAGHYADYLAHLAKADDFEQTTRRGQYVVVTNQGELHLNSMVFMVPTIHGKGVIVSPMLDGNFLVGPTALDGVDKEATRYITKDAPCMLTKIGKHMVPSLNINNALISFAGSRPIDKATNDFIIRVAHNDPDFVILGGMKSPGLTAAPAIVREAVRLLNWKLTKKPNWNGKYNLPWI
Q08BA6	1.14.11.53	MAGFTDLREKLKSMTPHRDKVFEYSNGEKRKYRESDDDESEYEERRDAEARRVKSGIKQASIFTLEECARIEAKIDEVVAKADKGLYREHTVDRAPLRNKYFFGEGYTYGAQLEKRGPGQERLYSKGEVDDIPDWVHELVIDRLVTHGVIPEGFVNSAVINDYQPGGCIVSHVDPIHIFERPIVSVSFFSDSALCFGCKFLFKPIRVSEPVLHLPVRRGSVTVLSGYAADDITHCIRPQDIKERRAVIILRKTRADAPRLDSNSLSPSIVSPKRRHILKAKRSHRKADPDAAHRPRVLEMDKELQRRSLSSRQRRHDDGSSENSWRRADDREPAARYTHDHAPTRRVKMRRH
O31504	2.1.1.72	MALIDLEDKIAEIVNREDHSDFLYELLGVYDVPRATITRLKKGNQNLTKRVGEVHLKNKVWFKEAKKGKLFDALIDIEQQVEYLSAKPRYLLVTDYDGVLAKDTKTLEALDVKFEELPQYFDFFLAWKGIEKVEFEKENPADIKAAERFARIYDVLRKENNIIETNRGLDLFLIRLLFCFFAEDTDIFKRNSFTNLIKTLTEEDGSNLNKLFADLFIVLDKNERDDVPSYLKEFPYVNGQLFTEPHTELEFSAKSRKLIIECGELLNWAKINPDIFGSMIQAVASEESRSYLGMHYTSVPNIMKVIKPLFLDKLNQSFLDAYDDYTKLENLLTRIGKIKFFDPACGSGNFLIITYKELRRMEINIIKRLQELLGEYLYVPSVTLSQFYGIEIEDFAHDVAKLSLWIAEHQMNEELKNEVHNAVRPTLPLHTAGDIRCANAIRVEWTEVCPAQGSEEVYVFGNPPYLGSKKQNKEHKSDMLSIFGKVKNGKMLDYISAWFYFGAKYASTTNAKVAFVSTNSVTQGEQVSILWNELFKFGIQINFAYKSFKWANNAKNNAAVIVVIVGFGPLDTKVNKYLFVDETKKLVSNISPYLTDGENILVSSRTKPISDLPKLHFGNMPNDGGGLLFTITEYTDAINKYPELVPYFKKFIGSVEFINGGLRYCLWLNEAKYEKIKSNPLIQERISISKNHREKSTDKGTNKLALTPWKFRDTHETTNYSIVVPSVSSENRFYIPMGLAGADTILSNLIYVIYDAEIYLLGILMSRMHMTWVKAVAGRLKTDYRYSAGLCYNTFPIPELSTRRKNEIEEAILEILDLREEQGGTLAELYNPSTMPIELKVAHEKLDGIVERAYRQKQFESDEERLEVLLKLYQEMTER
B8MKR3	1.1.2.3	MARVLDAAEVAKHNTPESCWVILYGKVYDVTEFISSHPGGVKVILRLAGTDATEEYDPIHPPGTLEENLKPEALLGTVDPETLPKPDKQQSSPEEEEQGPPPMETLFNLDEIEQVATKQVSRKAWGYYYSAADDLISKNFNREIYRSILLRPRVFIDVGKCDLSTTILGHRVGLPIYISPAAMARLAHPAGEAGIAAACRGFGAMQMISNNASMSPEQIVENAAPDQVFGWQLYVQMERKKSEAMLARVEKLKAIKCVILTLDAPVPGKREDDMRTDNIGKKLPVSSAKVAEKEVETLPDGTPVPTDGGGGVGKQLFAGTAYDLTWKETLTWLTKVTKLPIILKGLQTHEDAYIASLYAPQVKGIILSNHGGRALDTAPPAVHTLLEIRKYCPEVFDKIEVLVDGGIRRGTDVVKALCLGARAVGIGRPALWGLGAGGIAGVERTLEILADETKTCMQLLGVEKISDLGPEYINSRIVEQQIYDGPSGLEKARAKL
Q4WK25	1.14.19.41	MANVNGSFVSPSADATISPQLFYNVDSLSAVLNGFTFWKALATLFFAAVIYDQLRYFYLKGSLVGPTFKLPFMGPFLQSVNPKFHEYKAKWDSGELSCVSVFHKFVVIASTRDMSRKIFNSPAYVKPCVVDIAHKLLGPDNWVFLDGKEHVEFRKGLNGLFTRSALSSYLPVMEECYNKYYKYFLEKSKANDYKPEPWMPEFRELMCAVSCRTFVGHYMTDAAIKKIADDYYMITAALELVNFPFILPFTKAWYGKKASDMVLEEFSNCAAKSKAHMAAGGEITCIMDAWVKAQQDSAKYNEKIAKGLPVEDSEKPSHLLREFTDYEIAQTVFTLLFASQDATSAACTWLFQLVADRPDVLEKIREENLRVRNGNINAPLTMDLLDEMKYTRAVVRETLRYRPPVIMVPYLVKKDFPITDSITVSKGSMIIPSVWPATHDPEAYPNPDSFDPDRWITGDAEKQAKNFLVFGTGPHYCLGQTYAQLNLIAMIGKASLEMDWEHAPTPKSEDIKVFATIFPEV
O13820	1.14.19.41	MEMNQTETLIPAARNVIRVLGYEIEYSKWTICFALLAVCIAYDQISYQMQKGHIPGPRFKIPFMGSFLDSMKPTFEKYNAKWQTGPLSCVSVFHKFVVIASERDLARKILNSPSYVQPCVVDAGKKILKHTNWVFLDGRDHIEYRKGLNGLFTTRALASYLPAQEAVYNKYFKEFLAHSKDDYAQYMIPFRDINVATSCRTFCGYYISDDAIKHIADEYWKITAAMELVNFPIVLPFTKVWYGIQSRKVVMRYFMKAAAESRKNMEAGNAPACMMEEWIHEMIETRKYKSENKEGAEKPSVLIREFSDEEISLTFLSFLFASQDATSSAMTWLFQLLADHPDVLQKVREEQLRIRKGDIDVPLSLDLMEKMTYTRAVVKECLRLRPPVLMVPYRVKKAFPITPDYTVPKDAMVIPTLYGALHDSKVYPEPETFNPDRWAPNGLAEQSPKNWMVFGNGPHVCLGQRYAVNHLIACIGKASIMLDWKHKRTPDSDTQMIFATTFPQDMCYLKFSPFDASTVDWKNSKEAFSNEAVSAATVETESA
Q4WAG4	2.5.1.21	MGVAANAFYYIFHPSELRSILQWKIWHNPVHERDESNESETAKTCFKFLDLTSRSFSAVIKELHPELLLPMCIFYLTLRGLDTIEDDTSIPLETKEPLLRGFKDVLEQDGWNFTGNRPEEKDRELLVQFHNVITEFKRLKPAYKAVIKDITEKMGNGMADYCRKAALDDASVKTVEEYDLYCWYVAGLVGEGSTRLFVEAEFGNPALLKRTELYKSMGLFLQKTNIIRDVREDFDDGRQFWPKEIWSKHVTNFEDLFKPENREAALNCSSEMVLNALRHAEECLFYLAGLREQSVFNFCAIPQSMAIATLSLCFRNPAIFERNIKIKKGEACQLMMESTQNLRILYEAFRRYAREIHKKNTPKDPNFLEIGIACAKIEKFIETIFPSQSAEEANRRVLGQKSEAEQEKARLEAETRKDVLFMMALMGVIVVFVSIVMIGFAWYFGARFDLAWQELRKGNFRPPKHLRDREL
I1RY81	2.3.1.9	MANLPPVYIVSTARTPIGSFLGSLSSQTAVQLGSVAIKGAVERAGIKPEDVDEVFFGNVLSAGVGQGPARQCALGAGLPQTVIATTVNKVCASSLKAIILGAQNIMLGTSDIVVAGGTESMSNTPHYLPNLRNGAKYGDQTLVDGVLKDGLTDSFKKDHMGISAELCVDDHDLTREAQDEYAINSYKKAQAATEAGLFTEIVPVEIPGGRGKPAIKVERDDEVKNLNVDKLKAMRPAFKPDGTVTAPNAAPINDGAAAVVLVSEAKLKELNLKPVAKILGWGDAEREPERFTIAPALAIPKAIKHAGLTAEQVEYYEINEAFSAVALANMKILGLNPDQVNVYGGSVAIGHPLGCSGARIVTTLTSVLKERKAKIGAVGICNGGGGASAMVIENLQ
I1RQ76	1.14.14.17	MASILTTTEAQTRRREQYHEADVVVVGAGVFGCTMAFALANQGRSVLLLERWLKEPDRIVGELLQPGGVASLQKLGLGHCVEGIDAKPCYGYTIFYHGEKVLVPYPGIDDEGSPTHAWGGHSTGDRSTRPSGCSFHHGRFINKLRESCIAHKNITVVETEVVKTLRGEVSDQILGVESRTMNKETGKKEQDYYFGQLTIIADGYDSKWRQEVLKTKPKVCSKFYALELIDCDLPQPGHGHVIIGNAFPILLYQIGTHETRALIDVPQGIPEASPENGGVRGYIRNFVLPALPPSIRPSAEKALEDGKIPRSMPNSWLPPTKQRANGAILLGDAMNMRHPLTGGGMTVAFNDVVILSELLHPDKVGDLGDSKLINNALEELYWRRKPLTGIINVLAQALYSLFAANDRQLRALQYGCFTYFKNGDTDGPVALLAGILQRPFILAYHFFSVAFLAIWLNACSVVGCGILGIFKFPLAIIDAVLILWKACIVFIPIMWRESFQ
I1RFM2	1.14.19.20	MDVVLEVVDTFIADYAYAYFYPKRLAPYDFPSPSNTTDTSAKAFSTWIYKPATQFITLEPPEQAYMSSWDRDNPLRQALTLYLITWIFGLLVYFIVATLSYIFIFDKRTFEHPRFIKNQVRMEIIAANKAMPVMAIITAPFFLLEVQGYGKLYDTTEDGPGLWYDFFQFPLFLLFTDFCIYWAHRWLHHRLVYKYLHKLHHKWIMPTPFASHAFHPLDGFTQSLPYHIFPFIFPLQKMAYVALFVFVNLWSVMIHDGEYLTNNPVVNGAACHSLHHSRFEVNYGQFFTAFDRMGGTYRMPEQWMFERDMKMSEGRWKKEIEKVDELIEEIEGSDNRTYTDSAPIMKKTQ
I1RMA2	2.3.1.9	MTVTQLRSAGRLAQLAGHVNGARQFSTRPALRKELQDAYILSAARTPTAKFNGSFLSVSAPKLGAVAIKAALEKSKVPVEKITDVYMGNVLQGSVGQAPARQAVIFAGLPKEIEATTINKVCASGLKAVTLAAQNIQMGLSEAQIAGGMENMSQVPYYVSRASGLPAFGHVKMEDGLIKDGLTDVYDQFHMGNCAENTVKNHNITREQQDEYAIQSYRNAQKAWEDKAFADEIAPVTVKSRKGETVIDTDEGFKDVKFDKIPSLKPAFVRDGSGTVTAANSSTLNDGASALVLGSKAIAQQYGSGSRVLAKICGYADAATAPIDFPVAPAKAVPIALERAGITKDQVAIWEFNEAFASVILANSKILGLEGAKVNPLGGAISLGHALGSSGSRILTTLLHQLKPGEYGVAAICNGGGAATALVVQRVESV
I1RPE5	2.7.1.36	MPPSNPAMVNGLNGSHANGNGNGHNHISDSGSETSGESSNGSGRRRMKLNRKMSSPMAPPFMVSAPGKVIVFGEHSVVHGKAAIAAAISLRSYLHVTTLSKSKRTVSLRFADIGLVHTWNIEDLPWEAFQQPSKKKSYYSLVTELDPDLVAAIQPHIEVVSPNHPEEIRRVHHSSVSAFLYLFLSLGSPSFPPCLYTLRSTIPIGAGLGSSASVSVCLASALLLQLRTLSGPHPDQPADEARLQVERINRWAFVSEMCIHGNPSGVDNTVATQGKAVVFQRTDYSKPPNVRPLWDFPELPLLLVDTRQAKSTAHEVAKVAKLKQTHPKLVNSILDAMDKVTDAASELIEETSFDNGSVEDLSKVGELMTINHGLLVSLGVSHPRLERVRELVDHEGIGWTKLTGAGGGGCSITLLRPDVPAEKLQKLEERLETENYAKFETTLGGDGIGVLWPAVLKNGTEEDEEGGMEIDLEKFLEAEGTEGVEKLVGVHGDTGEREGWKFWRVESQ
A0A6S5ZZ88	2.3.3.10	MTYPQNVGIKAMEIYVPPQCLDQTLFEKHQGVSAGKYTIGLGLQYMNFCTDREDVCSLALTAVSSLLRKFDIDPKSIGRLEVGTESPIDKAKSVKSVLTTLFEPHGNTSLEGIDTIHACYGGTSALFNAVNWVESRSWDGRDAIVVASDIALYKEDASRPTGGAGCVAMLIGPNAVLSLEPSLRGVYMTNTFDFYKPDMKVEFPIVNGHESIACYLGALDECHKDLLRRTEAAKKQLNGDAPKTGKKVLDLFDYMAFHTPNCKLVSKSYGRLKYNDCLNSTNAADWEGIPDELRNLSYKDSLKDKTLERALVAATKTEFKMRVEPCIAAPSLCGNMYTASLYCSLISLISNIDLASAEGKTIGLFSYGSGAASTLFGMRVTGDLTNMVQKIDLMRRLKQRNIQTPEDYEKACALRLKAYGNKSYKPLGDVSSLTPGTYYLKSIDEAYRRTYAIKGQ
Q4WLA8	2.3.1.9	MAIQTTTGLAARLVAKRATFPASRRNFSASRSALKEIQEAYILSGARTPTAKFNGSFVSVSAPELGAVAIKSAVSKSGVPVEKITDVYMGNVLQGAVGQAPARQASMFAGLSPTVESMTVNKVCASGLKAVALAAQNIQLGLAEAQVAGGMENMSRVPYYLPRSTQLPPFGEIKLQDGLIQDGLWDVYNQFHMGICAEKTAKKYEISREEQDQYAIQSYQRAQAAWKENKFAEEIAPVTVKGKKGETVVERDEGYENLRIDKMATLKPAFLRDGTGTVTAGNASTMNDGASALVLGSKAIAREFAQGNRALARIVSTADAAIDPVDFPVAPAKAVPIALERAGITKDQVAVWEFNEAFAAVIKANEKILGLQNARVNPLGGAISLGHALGSSGSRILVTLLHQLQPGEYGVAAICNGGGAATAMVVQKLDRVD
B7RR92	1.1.3.15	MESADLRDPDGMPVTLSDFEIDAAGRLSADLLAYLEGGAEAGQSVTENRAAFGRIGLLPKLLSPCAGGHTRTTILGKQAPHPIMVAPMAFQNLFHPQGESATAMAAAAQDATMVLSCQTSTPPEDIATIPGRRWFQLYMQADHEATMALVTRAVDCGADALVVTLDAPINGLRDREVAAGFTLPDDVRPVMLDVLPQPPRPHLRDGQSVVFDGMMVFAPTADDLARLIADSPVPVIVKGCLRPADATRLIDLGAQGIIVSNHGGRVLDTVPAPITQLAAVVDAVAGAVPVYVDGGIRRGSDVFKALALGAQAVLVGRPVMHGLIVDGPRGASQVLRRLRDELEVTMALCGCATVADITPDLLTGFSGTGS
B1HZY7	1.1.3.15	MTNTTDGDLLLKNITAQAPFPICFADLEKAVAEKIPAGPFGYIRSGAGGEQTLRNNRSAFEKYSIVPRFLNDVSNVHTSINLFGKTYPTPLLFAPVGMNGMVHEEGELAAVRAAQQLNMPYIQSTVSTYALEDVAEAAPSATKWFQLYWSTNEEIAFSMAARAESAGFEAIVLTVDTVMLGWREEDVRNQFSPLKLGYAKGNYINDPVFMASLPNDSFESYVQGVLQNVFHPTLNWEHVRELKRRTNLPILLKGILHPEDAKLAIVNGVDGIIVSNHGGRQLDGVIGSLDALPSIVSAVKGQIPIILDSGVYRGMDALKALALGADAVAIGRPFIYGLALEGQQGVERVMTNIYDELKVSIALAGTTSIEGLRTITLVKNDGMEVK
A0A6J4B898	1.2.1.3	MDFTTFHNIIGGKPRGSDNSHSGVDPLTRTTLWPVPTASPQDVDDAVEAAQRALPAWSQASYDERTGLLEKFADLYLSRAGDFCQLLASECGRTVENAAIEVYWAAQWLRYPSSYKLPEEQIEDDTKTAIVTYEPLGVVAAICPWNSIGKIAPALATGNCVILKPSPFTPYTSLKLVELAQEVFPPSVIQVLSGGNGLGPALVKHPGIQKISFTGSTATGKQILKDGADTMKRITLETAGNNPAIILPDIDVTATVPHISGGLWFNAGQVCIAPRRLYIHADIFDVFVDALVETTKEATKEMTKIGPVQNELQFRKLVKTLDDAKSAGHDMATGGPLADAETGGFFLRPTIIKDASPESSIVSGEHFGPIVTCVRFSDADEAVHLANAGESGLAASIWTTNLTAAKALASRLDVGSVYINGPPQPDPRVPFGGHKQSGLGVEYGLQGLLSFCQTKAVYLYK
Q9HZ47	2.7.13.3	MPRSLLGRMLLLTLLAVLVAQGLSSLFWLSHLRSSQREGLLTSSRSLAYSMAASVSYFRSLPLGYRPLVLDQLRSMGGTRFFVSLNDRPLEMRALPDTPNKQAVLEIVQDVLHQRLGKEVELQVEFVSPDELRLFNGALKLDELPRSWAHYALTLEPVNPPVLVTQIRIGESEWLYIASLMPAPYVSLEPEGLQPQQVLSIVFTSLLLLLFTGLLMHWQSRPLKRLARAARDLALGSPSAALEERGASELVEVARAFNTMHERIDRYLNERGQLFSAISHDLRTPITRLRLRVELLEDERLQEKFGRDLDELELLVKGALQCVKDTDIHENVESVDLNLLLQHIAEPYLADGRVEVVGRAAEPYPGKPLALKRCIGNLLDNALKYGERARLSLEDGPEAVVLHVDDDGPGVPEQRLEQIFEPRFRLSPRGQGYGLGLGIARNIAHTHGGEVSLQNRREGGLRVSLRLPRLGLE
H9L9E5	4.2.3.133	MATYLQASSGPCSTIVPEITRRSANYHPNIWGDQFLKYNSFDLSKTDANTKEHFRQLKEEVKKMLVDAGPNQQLNLIDDIQRLGVAYQFEAEIDAALQRMNVIFQGNDDDLHTISLRFRLLRQHGYNVSSDVFRKFMDNNGKFKECLISDLRGVLSLYEATHFRVHGEDILEDALEFTTSHLERLKSHLKNPLAAQVIRALKCPIHKGLNRLEAKHYISIYQQEDDSHNKVLLNFAKLDFNLLQKMHQGELSHITRWWKELNFAKKLPFARDRVVECYFWILGVYFEPQYLIARRFLTKIIAMASVADDIYDVYGTLEELVILTDAIERWDMGALDQIPECMRVYHRALLDVYTEMEEEMAKTGRPSYRVHYAKEAYKELVRQYLAEAKWFQEDYDPTLEEYLPVALISGGYKMLATHSFVGMGDLATKEAFDWVSNNPLIVKASSVICRLSDDMVGHEVEHERGDVASAVECYMKQYGVTKQEVYIEFQKQISNAWKDMNQECLHPTTVTMPLLTVIFNMTRVINLLYDEEDGYTNSNTRTKDFITSVLIDPVQI
A0A1D8PTW6	2.3.3.10	MVMTNSPQNIGIKGIEVYIPGQAVNQSDLEKFDGIPQGKYTIGLGQTNMAFVNDREDIYSISLTVLSRLIKNYSIDTNKIGRLEVGTETLLDKSKSVKSVLMQLFPGNNDIEGIDTVNACYGGTSSVINAINWIESSSWDGRDAIVVAGDIAIYDKGAARPTGGVGAIALLIGPDAPIVFDSIRGSFMEHAYDFYKPDFTSEYPVVDGHFSLSCYVKAVDNCYKNYSKKITGDANKTVGVYDHFDFSAFHVPTCKLVTKSYARLLYNDYVSNPSKFADLIDETTRKHIDGLTYDESLTDKILEKTFVGLAKDETKKRVQPALQVPTNTGNMYTASAWVSLASLLYYVGSDNLKNKRISIFSYGSGLASTLLSVTVKGDVSAITKVLDFDYKLGDGRKIQSPEDYLAAIELREKAHLQKSFKPQGSTDNLSQGTYYLTEIDDKFRRAYAIKE
A0A5N1I561	1.1.3.15	MTVYYKGFPQSDRNEAIKMVNVDELEDRVRKVMPEAAYYYIASGSENEWTWRNNTAAFNHFQIVPRSLTNMDNPSTETQFMGMDLKTPIMICPIACHGIAHKDAEVATAQGAKAAGALFSSSTYANRSVEDIATATGDSPKFFQLYLSKDWDFNKMVFDAVKSAGYKGIMLTVDALVSGYREANLRTNFTFPVPLDFFTRYVGAEGEGMSVAQMYANSAQKIGPADVAKIKEMSGLPVFVKGVMNAEDAYMAIGAGADGIVVSNHGGREIDTAPATIDMLPEIAAAVNGRVPIILDSGVRRGSHVFKALALGADLVGIGRPFLYGLALGGAKGVESVINQINNEFKILMQLTGCKTVEDVKHADIRQINYTADNLPSNTDPSVRRAYPVTKENQMEGTQDAATGASKH
E9R5G2	1.14.14.17	MATTPINGHATKSPSLDAAEARRLKHNHADVVIIGAGVLGCALAVALGRQGRSVILLEASLKEPDRIVGELLQPGGVQALEKLGLRDCLEGIDSIPVKGYYVSYFNDPVPIPYPKPTPASPPPEGRCFHHGRFVMKLREAAMACPNVSVVETKATDLVTCSHTQQVLGVECTSKDNVRACYFGHLTVVADGYASKFRKQHHPHTPKVSSRFWGLELIDTKLPMPYYGHVLLSDNAPILLYQIGTHETRILVDIPENLPSASVKNGGVKSHMRNVVLPSLPESVQPAFIAALEQGQLRSMPNSFLPAATNTTPGLVILGDALNMRHPLTGGGMTVAFNDVVTLRNLLSPEKVPNLGDTKRVMKQLSTFHWERKKAASVINILAQALYSLFAADNQYLRALQRGCFRYFQLGLVDGPAGLLGGLIQKPSVLFVHFFSVALLSLWVLLREYPPYLFPVALFKCIMTFWTACVVIFPYMLIEAFC
I1S2M5	1.14.14.154	MESLYETLRTLPLSVSIPLTTSIIIILSIVTNVVKQLWFPNPHRPPVVFHIFPFIGSTVQYGIDPYAFFFDCRDKYGDCFTFILLGKSTTVFLGPKGNDFILNGKHADLNAEDVYGKLTTPVFGEEVVYDCSNARFMDQKRLLKLGLTTDSLRCYIPKFVKEVEDYVKNSPYFKGDTGIVNITEVMAEITIYTASGSLLGNEVRSMFDSTFATLYRHLDDGFQPINFVMPGLPLPQNFRRNHARKVMEKLFSDIISKRRETGNQGDETDMIWMLMNAQYKDGEPLPDHHAARMLIAILMGGQHNTAVSGAWLLLNLAHKPHLVQELYEEQTQVLGSPQEPLTWENLQKLTLNGQVIKETLRLHSPIHSILRQVKSPMRVPGTEWVVPPSHTLLSSPGTMARSEEFFPRPSEWDPHRWDKIEPLVKTAEDGQTVDYGFGVMSKSVSSPYLPFGAGRHRCVGENYAYAQLGAIVATFIRLVHIEQPDPKAPLPAPDYSSMFSRPMNPAEIRWRRRETVE
B1A612	4.2.1.113	MAINIEYVILRHLQMELKAPFTTSFGTFQTKEFILVEVVDCDGVSGWGESVAFSVPWYSEETVKTNWHMLEEFLVPLLFSKPLRHPAELPERFAAIRQNNMAKAALEGAVWDLYAKRLGVPLCQALGGTKKEIEVGVSIGIQPTVDDLLQVIERYVAQGYRRIKVKIKPGWDVDVIRDVRRAFPDVPLMADANSAYTLADAKRLQALDEFGLMMIEQPLAADDLVDHARLQPLLKTPICLDESIRSYDDARKALDLGSCRIINIKIGRVGGLWEAKRIHDLCAERGVPVWCGGMLEAGVGRAHNIAITTLENFALPGDTAASSHYWERDIITPEVEVHNGLIRVPNAPGIGYDVDRRQVERYTQFAKLFHRTATA
Q59226	3.2.1.135;3.2.1.54	MFLEAVYHRPRKNWSYAYNGTTVHLRIRTKKDDMTAVYALAGDKYMWDHTMEYVPMTKLATDELFDYWECEVTPPYRRVKYGFLLQQGHEKRWMTEYDFLTEPPRNPDRLFEYPFINPVDVFQPPAWVKDAIFYQIFPERFANGDTRNDPEGTLPWGSADPTPSCFFGGDLQGVIDHLDHLSKLGVNAVYFTPLFKATTNHKYDTEDYFQIDPQFGDKDTLKKLVDLCHERGIRVLLDAVFNHSGRTFPPFVDVLKNGEKSKYKDWFHIRSLPLEVVDGIPTYDTFAFEPLMPKLNTEHPDVKEYLLKAAEYWIRETGIDGWRLDVANEVSHQFWREFRRVVKQANPDAYILGEVWHESSIWLEGDQFDAVMNYPFTNAVLDFFIHQIADAEKFSFMLGKQLAGYPRQASEVMFNLLDSHDTARLLTQADGDKRKMKLAVLFQFTYFGTPCIYYGDEVGLDGGHDPGCRKCMEWDETKHDKDLFAFYQTVIRLRQAHAALRTGTFKFLTAEKNSRQIAYLREDDQDTILVVMNNDKAGHTLRCLSGMHSGPICGTTMS
Q21A54	2.3.1.222	MDMQQETIERIIRQVLGQVGPAGGSIATLSGDAGVDPFQVAVGVSNRHIHLSRTDMDTLFGPGAELQRKKAMKQPGQFAAEETVTLKGPKGSLSKVRVLGPLRRETQVEVSVADGFALGITPPLRQSGQLDDTPGLTIIGPQGSVTKDHGVIVAQRHIHMHPSTAAKLGLRNGDEVDVEAGGERGGVMHRVLIRVAEASADEMHIDVEEANALCLKNDDVVRICKK
O24527	2.7.11.1	MDHNSPKSRRSRKPEPKPDIYSTFVVHSDSDSDQGRDRDKRKAKPEEDENVDLYATMVYKGDSDGEGEEDDDDDSMLPPLLKRLPKDFGGGASLDYDDDDGDESGDFGTMIVKTDRSSHSKKNSPYSSKPRMGVSPRRRARGGDEESSDEEDEEEDDDDDDGDYGTFVVKSKDKKGKKKDKEIDMTTMGRAVASMQKSNFGGKTRKLDPSSSSSKLHGEDNRKMQQQNSKMSTTSLPDSITREDPTTKYEFLNELGKGSYGSVYKARDLKTSEIVAVKVISLTEGEEGYEEIRGEIEMLQQCNHPNVVRYLGSYQGEDYLWIVMEYCGGGSVADLMNVTEEALEEYQIAYICREALKGLAYLHSIYKVHRDIKGGNILLTEQGEVKLGDFGVAAQLTRTMSKRNTFIGTPHWMAPEVIQENRYDGKVDVWALGVSAIEMAEGLPPRSSVHPMRVLFMISIEPAPMLEDKEKWSLVFHDFVAKCLTKEPRLRPTAAEMLKHKFVERCKTGASAMSPKIEKSRQIRATMALQAQSVVAPSLEDTSTLGPKSSEELGITVPSKPPQNSTEAPLTSTLNRQHITGNTVLAGEGGDFGTMIVHGEDETEESDSRSQLVREKESSSSQFEGVPREFPGEELPDSWIHDKKKPPAIDLPVEASISQSMQASSSHEHRTKLHNIAGTQMEGGSDASGSTLKNETVGRKAFALQDKLWSIYAAGNTVPIPFLRATDISPIALLSENMIGGMQQDGNGTVAVEALQELFTSSDPQSKKGRRGQNEMPLPPSVYQRLTTSSSLMNLAQVLAYHRACYEEMPLQELQATQEQQTIQNLCDTLRTILRL
Q9LSA9	2.7.4.22	MAIPLPLTSCSPISTSSSISRTSFVPLTLRNRTFFSNQNYSRRVLISCSSSLSSDNGSSPDSMNGNGNGNGSSLNGQSSFPRLPSFDGTSKPPLKWRRVLLKVSGEALAGDEEQNIDPKVTMAIAREVAAVTRLGIEVAIVVGGGNIFRGSTWAGCSGLDRSSADYIGMLATVMNAIFLQATMESIGIPTRVQTAFRMSEVAEPYIRRRAIRHLEKGRVVIFAAGTGNPFFTTDTAAALRCAEINAEVVLKATNVDGVFDDDPKRNPNARLLDSLTYQEVTSKDLSVMDMTAITLCQENNIPVVVFNLSEPGNIAKAIKGERVGTLIGGTWNSIVTTTS
Q8C267	2.1.1.366	MEEKNGDAKTFWMELQDDGKVDLMFEKTQNVLHSLKQKIKDGSATNGDYVQAMNLVNEATLSNTQTLEKGMFITYSNPEVNTHRSNHTPVTQSEQENKSSAVPSASCDNSCPKGCTIPSPGKKVFLPVKNKADNLVKKEAPLHISFHRHICSRTCLMETPLSLKGENPLQLPIRCHFQRRHAKTNSHSSALHVNYKTPCGRNLRNMEEVFHYLLETECNFLFTDNFSFNTYVQLTRNHPKQNEVVSDVDISNGVESVSIPFCNEIDNSKLPRFKYRNTVWPRIYHLNFSNMFSDSCDCSEGCIDIKKCACLQLTAKNAKACPLSSDGECAGYKYKRLQRLIPTGIYECNLLCKCNKQMCQNRVIQHGVRVRLQVFKSEKKGWGVRCLDDIDKGTFVCIYSGRLLRRATPEKTNIGENGREQQHIVKNSFSKKRKLEVVCSDCDAHCDSPKAEDCPPKLSGDLKEPAVEMNHRNISRTQHHSVIRRTKSKTTVFHYSEKNMGFVCSDSAAPEDKNGFKPAQEHVNSEARRAHEDLSSNPAGDSEDTQLTESDVIDITASREDSAPAYRCKHATIVDRKDTKQVLEVPGKKSQEEEPAASQSQQALCDEELPSERTKIPSASLMQLSKESLFLLDASKEGNVGRFLNHSCCPNLWVQNVFVETHDRNFPLVAFFTNRYVKARTELTWDYGYEAGATPAKEILCQCGFNKCRKKLI
Q96A09	2.7.7.19	MMPSESGAERRDRAAAQVGTAAATAVATAAPAGGGPDPEALSAFPGRHLSGLSWPQVKRLDALLSEPIPIHGRGNFPTLSVQPRQIVQVVRSTLEEQGLHVHSVRLHGSAASHVLHPESGLGYKDLDLVFRVDLRSEASFQLTKAVVLACLLDFLPAGVSRAKITPLTLKEAYVQKLVKVCTDSDRWSLISLSNKSGKNVELKFVDSVRRQFEFSIDSFQIILDSLLLFGQCSSTPMSEAFHPTVTGESLYGDFTEALEHLRHRVIATRSPEEIRGGGLLKYCHLLVRGFRPRPSTDVRALQRYMCSRFFIDFPDLVEQRRTLERYLEAHFGGADAARRYACLVTLHRVVNESTVCLMNHERRQTLDLIAALALQALAEQGPAATAALAWRPPGTDGVVPATVNYYVTPVQPLLAHAYPTWLPCN
G8EWC8	6.3.4.13;6.3.3.1	MEKINVLVVGNGGREHALVWKLAQSPWAKHIFVAPGNGGFSKLENVTSVPIGSSPSDFGSLVDFATKHNVGLVIPGPEQPLVDGITTWFQKAGIPVFGPSAKAARMEGSKTFSKDFMKKHNIPTARYENFTDYEAAKQYIANSSHNLVIKASGIAAGKGVLIPANKQEAYEAIKEIMVNKQFGSAGDEVVIEEFLEGDELSILCISDGYSFVDLPPAQDHKRIGDGDTGLNTGGMGAYSPAPIGTPSLLEKIRKNILKPTIDGMRKDGYPMVGCLFVGVMVTPDGDPKVLEYNVRFGDPETQTVLPLLKSDLLELMLATVEHRLDSVDFQVHADKYSTTVVVAAGGYPESYRKGDEITVKEPLPENTFIFHAGTKEENGKVVTAGGRVIAATAIADTLEEAVKKAYVGVDHISFKDKYNRTDIAHRAFKEKPKNKVSLTYEDAGVSVDAGNQLVEKIKKSVKSTKRPGADSEIGGFGGLFDLQRAGYTDINNTLLVAATDGVGTKLRVAQIMDIHNTVGIDLVAMNVNDLVVQGAEPLMFLDYFATAHLDIKVAADFVEGVADGCKLSGCALVGGETSEMPGMYAPGHYDTNGTAVGAVLKENILPKKDKMNAGDVLLGIASDGVHSNGFSLIRKIIETTDYSYTDPAPWNPKSTIGEEVLIPTRIYVKQLLPATRRGLILGLAHITGGGLVENIPRAIPDNLSAEVDMTTWNVPEIFKWLGKTGGVPINDILKTLNMGIGMVAIVKPENVEEVIKVLKEAGETVYTIGKLVERKDLPGCTIKNSEDLY
G5CV54	4.2.3.59;4.2.3.40	MATNLTLETDKEIKNMNQLSMIDTTITRPLANYHSSVWKNYFLSYTPQLTEISSQEKLELEELKEKVRQMLVETSDKSTQKLVLIDTIQRLGVAYHFDNEIKISIQNIFDEFEQNKNEDDNDLYIVALRFRLVRGQRHYMSSDVFKKFTNDDGKFKETLTKDVQGLLNLYEATHLRVHGEQILEEALSFTVTHLKSMSPKLDSSLKAQVSEALIQPIYTNVPRVVAPKYIRIYENIESHDDLLLKFVKLDFHILQKMHQRELSELTRWWKDLDHSNKYPYARDKLVECYFWATGVYFGPQYKRARRMITKLIVIITITDDLYDAYATYDELVPYTNAVERCEISAMDSISPYMRPLYQVFLDYFDEMEEELTKDGKAHYVYYAKVEMNKLIKSYLKEAEWLKNDIIPKCEEYKRNATITVANQMILITCLIVAGEFISKETFEWMINESLIAPASSLINRLKDDIIGHEHEQQREHGASFVECYVKEYRASKQEAYVEARRQIANAWKDINTDYLHATQVPTFVLQPALNLSRLVDILQEDDFTDSQNFLKDTIKLLFVDSVNSTSCG
Q5L1G9	4.2.1.113	MAINIEYVILRHLQMELKAPFTTSFGTFQTKELILVEAVDCDGVSGWGESVAFSAPWYSEETVKTNWHMLEEFLVPLLFSKPLRHPAELPERFAAIRQNNMAKAALEGAVWDLYAKRLGVPLCQALGGTKKEIEVGVSIGIQPTVADLLQVIERYVAQGYRRIKVKIKPGWDVDVIRDVRRAFPDVPLMADANSAYTFADAKRLQALDEFGLMMIEQPLAADDLVDHARLQPLLQTPICLDESIRSYDDARKALDLGSCRIINIKIGRVGGLWEAKRIHDLCAERGVSVWCGGMLEAGVGRAHNIAITTLENFALPGDTAASSHYWERDIITPEVEVQGGLIRVPNAPGIGYEVDRRQVERYTQFAKVFHRTATA
D6WMX4	2.7.11.1	MSVRAVGSRLFKHGRSLIQQFCKRDLNTTIGDKINAVSQATAAPSSLPKTQIPKNFALRNVGVQLGLQARRILIDNVLNRVTNSLSAELRKKATRRILFGDSAPFFALVGVSIASGTGILTKEEELEGVCWEIREAISKIKWQYYDIDESRFESNPITLNDLSLGKPIAKGTNGVVYSAKVKDDETDDNKYPFALKMMFNYDIQSNSMEILKAMYRETVPARMYYSNHDLNNWEIELANRRKHLPPHPNIVAIFSVFTDLIQELEGSKDLYPAALPPRLHPEGEGRNMSLFLLMKRYDCNLQSFLSTAPSTRTSLLLLAQLLEGVAHMTAHGIAHRDLKSDNLLLDTSEPESPILVISDFGCCLADKTNGLSLPYTSYEMDKGGNTALMAPEIICQKPGTFSVLNYSKADLWAVGAIAYEIFNCHNPFYGPSRLKNFNYKEGDLPKLPDEVPTVIQALVANLLKRNPNKRLDPEVAANVCQLFLWAPSTWLKPGLKVPTSGEILQWLLSLTTKVLCEGKINNKSFGEKFTRNWRRTYPEYLLISSFLCRAKLANVRNALHWIQENLPELD
J9VYP5	6.3.4.13;6.3.3.1	MPEITAFPQPKSDLSILLLGAGGREHALAFKLAQSSRVARIVVCPGNGGTALMGGKVSNLALPWGAPPAFRSIVEWAQKENIDLVVPGPEQPLVDGVEGAFKKVGIPVFGPSPAAAMLEGSKSLSKEFMARHNIPTAAFRSFTSTQYEDAVAYIKSKPFTSGRSVIKASGLAAGKGVLIPETDEEAFAALKSVMVDKEFGDAGDEVVVEEYLSGPEISVLAFSDGYTIVPMPAAQDHKRIGEGDTGLNTGGMGAYAPAPIATKEIMERCVKDVLEPTIKGMREDGYPFVGMLFTGFMITADGPRVLEYNVRFGDPETQALMLLLDEQTDLAEVLLACVERRLDSIKLGYKQGYAVSVVLASEGYPGSYPKGLPMTLNPTPEGVEVFHAGTKRSDNVTVTDGGRVLAVCASAPTLRAAVDLAYSGISQISFQGQTFRRDIAYRALSSEPPAEPKGLTYAAAGVSVDAGNDLVEAIKPVVKATRRPGADSDIGGFGGAFDLAKAGYKDPILVSGTDGVGTKLRVALDHGKHNTVGIDLVAMSVNDLIVQGAEPLYFLDYYACSKLDVPVAADVITGIAEGCLQAGCALIGGETAEMPGMYHGDDYDLAGFAVGVVERAQILPTPDIASGDVLLALSSSGPHSNGFSLIRKIVSLSNLSLHDTAPWDKNTSVGDALLTPTKVYIKPLLPGIKSGLYKGMSHITGGGFTENIPRIFSSASNLGVKLDLTSYSLPAIWKWLMRAGNVEAKEMVRTFNCGVGMIIIVAKDKADAALSSLKENGEEAWVIGEVQEKKGVEYVGLDKFGL
Q6YI93	2.1.1.366	MEQSANARQSTLRSRTQELNTLSVLSKDVSLEDAKKYWKDRQADGKVDWIFEKVLNKLKILWQKIKDGSATNLEYVRAVILVNEAGNLEEDLEEDLKEDTDTIHIDIHKENEVQENTDCSPERKEDTCLNLNTDCGTDVSGSEPECNSTVSPPAAERVYFGNHSCGPSCLSGINSFLFTKGNPLQLPISCDFQRCHLKINSPDDLSHILYKAPCGRSLRDYDEVHSYLTETGCHFLAVDNFSFNNHVRLDSNSSFNQGIVQDCDISNDVESVPVAFSNEIDNTRPSNFIYRKTSWPPGYSLNNFTDIFVKCCNCTDGCLDILTCSCLQLTAQAFTKCMESSLGIGPLGYKHKRLQEPIPTGLYECNVSCKCDRMLCQNRVVQHGLKLRLQVFKTNTKGWGVRCLDDVDKGTFVCIYAGRILIRTADCTVKSTPDDSVACGNEDHEDSTSTCALILSKRKRKTSHSDSEVTVMHTNPYSMRSHGLSVHRLSNTFSPRQARSGEREFSLQPLRRPKTKTSMLQKRRRQLIEEGACTVQNSSEEEGPTPPQSPEQKSSAGTKIQRNENSDETASGYVSEESSSSVISGGHPLEKPISKFKSKLNKTTVYLSTSPEQTCEENLHFLDASKEGNVGRFLNHSCCPNLFVQQVFVDTHQKCFPWVAFFTNSVVKAGTELTWDYSYDIGTAADQEIQCLCGQKTCKNKVV
Q9C5P4	2.1.1.367	MQGVPGFNTVPNPNHYDKSIVLDIKPLRSLKPVFPNGNQGPPFVGCPPFGPSSSEYSSFFPFGAQQPTHDTPDLNQTQNTPIPSFVPPLRSYRTPTKTNGPSSSSGTKRGVGRPKGTTSVKKKEKKTVANEPNLDVQVVKKFSSDFDSGISAAEREDGNAYLVSSVLMRFDAVRRRLSQVEFTKSATSKAAGTLMSNGVRTNMKKRVGTVPGIEVGDIFFSRIEMCLVGLHMQTMAGIDYIISKAGSDEESLATSIVSSGRYEGEAQDPESLIYSGQGGNADKNRQASDQKLERGNLALENSLRKGNGVRVVRGEEDAASKTGKIYIYDGLYSISESWVEKGKSGCNTFKYKLVRQPGQPPAFGFWKSVQKWKEGLTTRPGLILPDLTSGAESKPVSLVNDVDEDKGPAYFTYTSSLKYSETFKLTQPVIGCSCSGSCSPGNHNCSCIRKNDGDLPYLNGVILVSRRPVIYECGPTCPCHASCKNRVIQTGLKSRLEVFKTRNRGWGLRSWDSLRAGSFICEYAGEVKDNGNLRGNQEEDAYVFDTSRVFNSFKWNYEPELVDEDPSTEVPEEFNLPSPLLISAKKFGNVARFMNHSCSPNVFWQPVIREGNGESVIHIAFFAMRHIPPMAELTYDYGISPTSEARDESLLHGQRTCLCGSEQCRGSFG
F7E7M3	2.7.7.19	MSSALSQASPTAPRFSVLSWPQVRRLDAILCESVPIHGRGNFPTLSCRPRDLVQVVRSRLEQKGILVHNVRLNGSAASYVLHHDSGLGYKDLDLIFMVDLKGPDAFQVVKHAVLNCLLDFLPSGVNKEKITPMTLKEAYVQKLVKVCTESDRWSLISLSNNSGKNMELKFVDSLRRQFEFSVDSFQIILDSMLMFSQCSENPMSQSFHPTVTGESMYGDFEEAMDHLRNRIIATRNPEEIRGGGLLKYCNLLVRGFRPKSEVDMKTMQRYMCSRYFIDFPDIREQQRKLKCYLQDHFVGMEDKRYDYLMTLHQVVNESTVCLMGHERRQTLALIASLAVHVLSEQNHPQAVPTFTCYYQPAPYIGEVNYNSYYFTPVQPLMSCSHSYQTWLPCCN
E3PTZ4	5.1.1.4	MKFSKGIHAIDSHTMGEPTRIVVGGIPQINGETMADKKKYLEDNLDYVRTALMHEPRGHNDMFGSIITSSNNKEADFGIIFMDGGGYLNMCGHGSIGAATVAVETGMVEMVEPVTNINMEAPAGLIKAKVMVENEKVKEVSITNVPSFLYMEDAKLEVPSLNKTITFDISFGGSFFAIIHAKELGVKVETSQVDVLKKLGIEIRDLINEKIKVQHPELEHIKTVDLVEIYDEPSNPEATYKNVVIFGQGQVDRSPCGTGTSAKLATLYKKGHLKIDEKFVYESITGTMFKGRVLEETKVGEFDAIIPEITGGAYITGFNHFVIDPEDPLKYGFTV
G8H5M9	4.2.3.47;4.2.3.59;4.2.3.15	MNQLAMVNTTITRPLANYHSSVWGNYFLSYTPQLTETSSQEKRELEELKEKVRQMLVETPDNSTQKLVLIDTIQRLGVAYHFENHIKISIQNIFDEFEKNKNKDNDDDLCVVALRFRLVRGQRHYMSSDVFTRFTNDDGKFKETLTKDVSGLLNLYEATHLRVHGEEILEDALSFTVTHLKSMSPKLDNSLKAQVSEALFQPIHTNIPRVVARKYIRIYENIESHDDLLLKFAKLDFHILQKMHQRELSELTRWWKYLDYENKYPYARDKLVECYFWATGVYFGPQYKRARKTLTKLIVIITITDDLYDAYATYDELVPYTDAVERCEISAMHSISPYMRPLYQVFLDYFDEMEKELTKDGKAHYVYYAKIETNKWIKSYLKEAEWLKNDIIPKCEEYKRNATITVSSQMILITCLIVAGEFISKETFEWMINESLIAPASSLINRLKDDIIGHEHEQQREHGASFIECYVKEYRASKQEAYVEARRQIANAWKDINTDYLHATQVPTFVLEPALNLSRLVDILQEDDFTDSQNFLKDTITLLFVDSVNSTSCG
G8H5N1	4.2.3.79;4.2.3.47;4.2.3.59;4.2.3.15;4.2.3.113	MNQLAMVNTTITRPLANYHSSVWGNYFLSYTPQLTEISSQEKRELEELKEKVRQMLVETPDNSTQKLVLIDTIQRLGVAYHFENHIKISIQNIFDEFEKNKNKDNDDDLCVVALRFRLVRGQRHYMSSDVFTRFTNDDGKFKETLTKDVQGLLNLYEATHLRVHGEEILEEALSFTVTHLKSMSPKLDNSLKAQVSEALFQPIHTNIPRVVARKYIRIYENIESHDDLLLKFAKLDFHILQKMHQRELSELTRWWKDLDHSNKYPYARDKLVECYFWAIGVYFGPQYKRARRTLTKLIVIITITDDLYDAYATYDELVPYTNAVERCEISAMHSISPYMRPLYQVFLDYFDEMEEELTKDGKAHYVYYAKIETNKWIKSYLKEAEWLKNDIIPKCEEYKRNATITISNQMNLITCLIVAGEFISKETFEWMINESLIAPASSLINRLKDDIIGHEHEQQREHGASFIECYVKEYRASKQEAYVEARRQITNAWKDINTDYLHATQVPTFVLEPALNLSRLVDILQEDDFTDSQNFLKDTITLLFVDSVNSTSCG
I1RJR2	1.14.14.154	MFHLLIYPLWVLVALFAVIIANLLYQQLPRRPDEPPLVFHWFPFFGNAVAYGLDPCGFFEKCREKHGDVFTFILFGRKIVACLGVDGNDFVLNSRLQDANAEEVYGPLTIPVFGSDVVYDCPNSKLMEQKKFVKFGLTQKALESHVQLIEREVLDYVETDPSFSGRTSTIDVPKAMAEITIFTASRSLQGEEVRRKLTAEFAALYHDLDLGFRPVNFLFPWLPLPHNRKRDAAHIKMREVYMDIINDRRKGGIRTEDGTDMIANLMGCTYKNGQPVPDKEIAHMMITLLMAGQHSSSSASSWIVLHLASSPDITEELYQEQLVNLSVNGALPPLQYSDLDKLPLLQNVVKETLRVHSSIHSILRKVKRPMQVPNSPYTITTDKVIMASPTVTAMSEEYFENAKTWNPHRWDNRAKEEVDTEDVIDYGYGAVSKGTKSPYLPFGAGRHRCIGEKFAYVNLGVIVATLVRNFRLSTIDGRPGVPETDYTSLFSRPAQPAFIRWERRKKI
O14345	2.3.1.225	MNLIHKVSTICQCVLVILAKYCMQIIALSLMSGVQWLAWGIYKINKNRVGIIILFLYIMIVTCYVLTNLTPPGSPSETSFDPNSTRQYMTLQNGKSRFCEKCQEYKCDRSHHCSQCNKCILRMDHHCMWFKNCVGFRNHKFFFLECFYLNLYSICVLYSTFVAITKTFTAEGANISAIYLVFWGFLFAFAVGMSIVMTAFTFYHTSLLIHNLSTLESMSSSWSRYTHSTQPFNVGWYENWCQIMGKSPFLWLLPFPNSIGEGVEYPLNANALPYLPQTEEKNDKLYKSSVPASIAGAEGWSSDEEQYAMKNRRWNPHMGQYEWIEDFLV
A0A0H3PEK7	2.1.1.226	MRFDFFVSKRLNISRNKALELIENEEVLLNGKSFKASFDVKNFLENLKKTQDLNPEDILLTDGLKLDLLSEIYVSRAALKLKNFLEENGIEIKHKNCLDIGSSTGGFVQILLENQALKITALDVGNNQLHLSLRTNEKIILHENTDLRTFKSEEKFELITCDVSFISLINLLYYIDNLALKEIILLFKPQFEVGKNIKRDKKGVLKDDKAILKARMDFEKACAKLGWLLKNTQKSSIKGKEGNVEYFYYYIKN
Q196Z3	3.1.3.48	MNQASFFVADKAIFGGYPSWEQVQELQTAGVVWFVDLTEECEKNVVLYHQLVPNWINYPIKDGGTPQNREKFLTFLLAVQILVDGLGPGEKIYLHCRGGHGRSGLVIACFLAMTLNISPKKSLFLVKLYHSQRPNLVNTRWEREWPLNPTQKRFVQKFFGTFLLRSGFEAENTSAYKKSDHVWYFVRINVWLHQNPQLLAVVLNSGLKTIKGEGPVSKILQQLRYYILFSKAKKLVDCCS
Q84K35	4.2.1.70	MASSLAQSRISNLQNHLSPLEANNKLRSLVKISPQVSEALSNGRAVVALESTIISHGMPYPQNLQTAKEVESIVRENGAIPATIAILNGVPCIGLSEEELERLASLGKSVQKTAGRDIANVVATRGNGATTVSATLFFASMVGIQVFVTGGIGGVHRHANHSMDISSDLTALGRTPIAVISAGVKSILDIPKTLEYLETQEVYVAAYKSDEFPAFFTEKSGCKAPSRVNSPEDCARVIDANMKLNRQAGILFAIPIPKHHSAAGNLIESATQRALTEAREQNVTGNAETPFLLARVNELTGGTSLAANIALVKNNALIGSQIAVALSQLM
Q0P8H3	1.1.1.22	MKIVIVGIGYVGLANAILFSKNNENEVVLLDIDENKIQSINNHKSPIKDKLIEKFFVQNISKLHATSNIKEAYFNADFAVIATPTDYDEQLNFFDTRSIENVLKDIKNINSKINVIIKSTVPIGYTKTIKQKFNMSNIVFSPEFLREGSALYDSLYPSRIIIGDKSVLGKTIGDLFLKNIEKKNVDIFYMDSDEAESVKLFSNTYLAMRVGFFNEVDSYARKHNLNSADIIKGISADDRIGKYYNNPSFGYGGYCLPKDTKQLLANFYNIPNSLIKAIVETNEIRKKFITQLILEKKPNILGIYRLIMKQNSDNFRNSVIIDIIKYLQEYNSNIELIIYEPLVKEKKFLNIKVENDFNVFGAKVDLIIANRFDDKLKEIKDKVFSADVFYTDI
O07899	6.2.1.71	MTTDFTPWPEALAAQYRQLGYWQDKTLLDYLQQSAERTPNALALVGDNQQWRYQAMLERIEQLAAGFTELGLGCGDNVVLQLGNVAEFYLCFFALLRQGIRPILALPAHRLAEIRYFCQHSQAKAYLIDGAQRPFDYQALAQELLACCPTLQTVIVRGQTRVTDPKFIELASCYSASSCQANADPNQIAFFQLSGGTTGTPKLIPRTHNDYAYSVTASVEICRFDQHTRYLCVLPAAHNFPLSSPGALGVFWAGGCVVLSQDASPQHAFKLIEQHKITVTALVPPLALLWMDHAEKSTYDLSSLHFVQVGGAKFSEAAARRLPKALGCQLQQVFGMAEGLVNYTRLDDSAELIATTQGRPISAHDQLLVVDEQGQPVASGEEGYLLTQGPYTIRGYYRADQHNQRAFNAQGFYITGDKVKLSSEGYVIVTGRAKDQINRGGEKIAAEEVENQLLHHPAVHDAALIAISDEYLGERSCAVIVLKPEQSVNTIQLKRFLHQAGLADYKIPDQIQFIDQLPKTSVGKIDKNALRRRFDTLGLALMS
O31688	7.2.2.20	MNEQVIVQRDPHEPLKTDKREKNWAQHAELIAALVSGALILAGWLLSGYQVLSIILFLLAFVIGGFAKAKEGIEETLESKTLNVELLMIFAAIGSALIGYWAEGAILIFIFSLSGALETYTMNKSSRDLTSLMQLEPEEATLMVNGETKRVPVSDLQAGDMIVIKPGERVAADGIIESGSTSLDESALTGESMPVEKNTGDTVFTGTVNRNGSLTVRVTKANEDSLFRKIIKLVESAQNSVSPAQAFIERFENAYVKGVLIAVALLLFVPHFALGWSWSETFYRAMVFMVVASPCALVASIMPAALSLISNGARNGMLVKGSVFLEQLGSVQMIAFDKTGTVTKGQPAVETIRIAEGFSEAEVLEAVYAIETQSSHPLAQAITAYAESRGVNQSGYISIEETSGFGVMAEVSGAKWKVGKAGFIGEEMAAQFMKQTASDVIQSGHTIVFVKKDDQIAGCIALKDQIRPEAKEVMEELNRLGIKTAMLTGDHEDTAQAIAKEAGMTTVVAECLPDQKVNEIKRLKEEFGTIAMVGDGINDAPALKAADVGIAMGGGTDVALETADMVLMKNDLKKLVNMCRLSRKMNRIIKQNIVFSLAVICLLICANFLQAMELPFGVIGHEGSTILVILNGLRLLK
Q6DGD3	2.1.1.366	MARDLKDCRVPCKLLLEDLQALCRRKKLVCKQLSVTKNNFNDYEVEYLCNYKKHKGREFFLVKWKGYEESENTWEPLKNLKCPILLHQFRKDMKAALLQANEPLDSASLSGPIISFLRQKATQRIRLKKWEDLMNQTCWHKGRIFVSNEVDMDGPPKNFTYINENKLGKGVDMNAVIVGCECEDCVSQPVDGCCPGLLKFRRAYNESRRVKVMPGVPIYECNSKCRCGPDCANRVVQRGIQYDLCIFKTDNGRGWGVRTLQRINKNSFVMEYLGEIITTDEAEQRGVLYDKQGVTYLFDLDYVDDVYTIDAAHYGNISHFVNHSCDPNLQVYNVFIDNLDERLPRIALFAKRGIKAGEELTFDYKMTVDPVDAESTKMDLDFSRAGIEGSPIKRVHMECKCGVRNCRKYLF
H2ELN1	4.2.3.111;4.2.3.108;4.2.3.15	RRSGNYQPTMWDFEYIQSIHNDYAGDKYMKRFNELKEEMKKMIMAEGSQELEKLELIDNLQRLGVSYHFKHEIMQILSSIKQHSTPADSLYATALKFRLLREHGFHISQEIFDGLSETHTKDTKGMLYLYEASFLATEGESELEQAWTEKHLREYLKNKNIDQNVAKLVHRALELPLHWRMLRLEARWFISFYKKRQDMIPLLLELAILDFNIVQAAHIQDLKYVARWWKETGLAENLPFARDRLVENFFWTIGVNFLPQYGYSRRIETKVNALVTAIDDVYDVFGTLDELQCFTDAIQRWNTDELDNLPDNMKMCYFALDDFINEVACDALIVPYLRNAWTDLCKSYLIEAKWYFSKYIPTMEEYMDNAWISISAPVILVHAYFLIANPVNKEALHYLRNYHDIIRWSALILRLANDLGTSSDELKRGDVPKSIQCYMNEKKVSEEEARQHIRLLISETWKKLNEAHNVAAHPFPKMFVKSAMNLARMAQCMYQHGDGHGGQNSETQNRIMALLFESIPPA
O32125	3.1.3.5	MKTYKGYLIDLDGTMYNGTEKIEEACEFVRTLKDRGVPYLFVTNNSSRTPKQVADKLVSFDIPATEEQVFTTSMATAQHIAQQKKDASVYVIGEEGIRQAIEENGLTFGGENADFVVVGIDRSITYEKFAVGCLAIRNGARFISTNGDIAIPTERGLLPGNGSLTSVLTVSTGVQPVFIGKPESIIMEQAMRVLGTDVSETLMVGDNYATDIMAGINAGMDTLLVHTGVTKREHMTDDMEKPTHAIDSLTEWIPYI
G8H5N0	4.2.3.73;4.2.3.47;4.2.3.106;4.2.3.54;4.2.3.81;4.2.3.15;4.2.3.114;4.2.3.113	MELCTQTVAADHEVIITRRSGSHHPTLWGDHFLAYADLRGANEGEEKQNEDLKEEVRKMLVMAPSNSLEKLELINTIQCLGLAYHFQSEIDESLSYMYTHYEEYSIGDLHAIALCFRLLRQQGYYVSCDAFKKFTNDQGNFKEELVKDVEGMLSLYEAAQFRVHGEQILDEALNFTITKLKQILPKLSNSQLAQQITNALKFPIKDGIVRVETRKYISFYQQNQNHNQVLLNFAKLDFNILQTLHKKELSDMTRWWKKMELVNTLPYARDRLVECYFWCLGTYFEPQYSVARKMLTKISFFISIIDDTYDIYGKLDELTLFTQAIERWNIDASEQLPLYMKIIYRDLLDVYDEIEKELANENKSFLVNYSINEMKKVVRGYFQEAKWYYGKKVPKMEQYMKNAISTSAYILLTTTSWLAMGNVATKDVFDWVATEPKLVVASCHIIRLLNDLVSHEEEQKRGNAASAVECYMNEYSVTQEEAHVKIRDIIENYWKDLNEEYFKVDMIIIPRVLLMCIINLTRVAEFIYKDEDAYTFSKNNLKDVISDILVDPII
H6WZF2	4.2.3.111;4.2.3.108;4.2.3.15	MNTEPSPNHYSAISSSDQNLTRRSGNYQPTMWDFEYIQSIHNDYAGDKYMKRFNELKEEMKKMIMAEGSQELEKLELIDNLQRLGVSYHFKHEIMQILSSIKQHSTPADSLYATALKFRLLREHGFHISQEIFDGLSETHTKDTKGMLYLYEASFLATEGESELEQAWTEKHLREYLKNKNIDQNVAKLVHRALELPLHWRMLRLEARWFISFYKKRQDMIPLLLELAILDFNIVQAAHIQDLKYVARWWKETGLAENLPFARDRLVENFFWTIGVNFLPQYGYFRRIETKVNALVTTIDDVYDVFGTLDELQCFTDAIQRWNTDELDNLPDNMKMCYFALDDFINEVACDALIVPYLRNAWTDLCKSYLIEAKWYFSKYIPTMEEYMDNAWISISAPVILVHAYFLIANPVNKEALHYLRNYHDIIRWSALILRLANDLGTSSDELKRGDVPKSIQCYMNEKKVSEEEARQHIRLLISETWKKLNEAHNVAAHPFPKMFVKSAMNLARMAQCMYQHGDGHGGQNSETQNRIMALLFESIPPA
Q29RH2	2.7.7.19	MMPSESETESRDRAAAQVGTAAAAAVAKAAPAGGGPDPEASSASLGQHLSGLSWPQVKRLDALLSEPIPIHGRGNFPTLSVQPRQIVQVVRSSLEEQGLRVHGVRLHGSAASHVLHPESGLGYKDLDLVFRVDLRSEASFQLTKEVVLACLLDFLPAGVSRAKITPLTLKEAYVQKLVKVCTDTDRWSLISLSNKSGKNVELKFVDSVRRQFEFSVDSFQILLDSLLLFSQCSPTPMSEAFHPSVTGESLYGDFAEALDHLRHRVIATRSPEEIRGGGLLKYCHLLVRGFRPRPSTDVGALQRYMCSRFFIDFPDLVEQRRTLERYLEAHFSGADAARRYACLVTLHRVVNESTVCLMNHERRQTLDLITALALQALAEQGPAAAAALAWRCPAIPDGLVPATTVSYYVTPVQPLLARAHASYPTWLPCN
G5CV52	4.2.3.73;4.2.3.47;4.2.3.106;4.2.3.54;4.2.3.81;4.2.3.15;4.2.3.114;4.2.3.113	MELCTQTVAADHEVIITRRSGSHHPTLWGDHFLAYADLRGANEGEEKQNEDLKEEVRKMLVMAPSKSLEKLELINTIQCLGLGYHFQSEIDESLSYMYTHYEEYSIGDLHAIALCFRLLRQQGYYVSCDAFKKFTNDQGNFKEELVKDVEGMLSLYEAAQFRVHGEQILDEALNFTIAQLKQILPKLSNSQLAQQITNALKYPIKDGIVRVETRKYISFYQQNQNHNEVLLNFAKLDFNILQTLHKKELSDMTRWWKKMELVNTLPYARDRLVECYFWCLGTYFEPQYSVARKMLTKISFYISIIDDTYDIYGKLDELTLFTQAIERWNIDASEQLPLYMKIIYRDLLDVYDEIEKELANENKSFLVNYSINEMKKVVRGYFQEAKWYYGKKVPTMEQYMKNGISTSAYILLTTTSWLAMGNVATKDAFDWVATEPPIVVASCYIIRLLNDLVSHEEEQKRGNAASAVECYMNEYSVTKEEAHIKIRDIIENYWKDLNEEYFKVDMIIIPRVLLMCIINLTRVAEFIYKDEDAYTFSKNNLKDVISDILVDPII
A0A067XR63	2.4.1.207	MNAEGGNLHREFEITWGDGRARIHNNGGLLTLSLDRASGSGFRSKNEYLFGRIEIQIKLVAGNSAGTVATYYLSSEGPTHDEIDFEFLGNSSGEPYTLHTNVFSQGKGNREQQFFLWFDPTMDFHTYTILWNPQRIIFYVDETPIREFKNLERHGIPFPRSQAMRVYSSMWNADDWATRGGLVKTDWTKAPFTASYRSYKADACVWSGEASSCGSQDSNPSDKWWMTEELNATRMKRLRWVQKKYMVYNYCVDKMRFPEGLAPECNIS
A0A067YMX8	2.4.1.207	MAASPYSIFAVQLLLLASWMLSSSSSNFNQDFNIAWGGGRARILNNGELVTLSLDKASGSGFRSKNLYLFGKIDMQLKLVPGNSAGTVTTYYLSSEGSVRDEIDFEFLGNLTGEPYTLHTNVYSHGKGEREQQFRLWFDPAADFHTYSILWNSKTIVFYVDQTPVREFKNMESIGVPYLRQPMRLFSSIWNADEWATRGGLIKTDWTQAPFTTSYRNFRADNACVWAAKASSCGLAAGGNAWLSVELDAKSRGRLRWVRRNQMIYDYCVDGKRFPRGVPPECKLNLHI
Q8C152	2.7.7.19	MMPSESGAESLEQPAAQVGTGAASAVATAGAAGGGPDPEASSASLGRHQSRLSWPQVKRLDALLKEPIPIHGRGNFPTLSVQPQQIVQVVRSSLEEHGLRVHSVRLHGSAASHVLHPESGLGYKDLDLVFQMDLRSEVSFQLTKAVVLACLLDFLPAGVSRAKITPLTLKEAYVQKLVKVCTDLDRWSLISLSNKSGKNVELKFVDSVRRQFEFSIDSFQIILDSLLLFGQCSSTPMSEAFHPTVTGESLYGDFAEALEHLQHRVIATRSPEEIRGGGLLKYCHLLVRGFRPRPSTDVRALQRYMCSRFFIDFPDLVEQRRILERYLEAHFGGAEAARRYACLVTLHQVVNESTVCLMSHERRQTLDLIAMLALQALAEQGPAAMAALAWRRPGSDGVVPATVNYYVTPMQPLLPRAHSYPTWLPCN
I1S130	4.1.1.33	MSDTKVYRASTTAPVNIAVVKYWGKRDAKLNLPTNSSLSVTLSQDDLRTLTTASCSSTFTDGDSLTLNGESSDISGARTQACFRELRSRRAALEQADSSLPKLSSYPLKIVSENNFPTAAGLASSAAGFAALVQAIAFLYELPDSPSDLSLIARQGSGSACRSLFGGYVAWRMGEKEDGSDSKADLVAPASHWPEMRALILVASAAKKGVSSTSGMQQTVATSGLFKERITNVVPANMALMEEAIKDKDFPKFAEVTMRESNSFHATCADTYPPIFYMNDISRAAIRAVECINEKVGRTVAAYTFDAGPNCVIYYEEKDADIIVGAFYQALQGVGGFKEGAASARSSIEFDATLASTLKEGVSRVISTGVGEGPVKTDEFLA
Q5SZ99	2.3.2.27	MGSDFSTVKIRKVTSCSICKAMMSHPVSINCGHSYCKSCIQSYYCNVSPKTGWKMLGCPLCSSPFSLENLRPNKELETIIDMIKGMEEQDQDMVCEEHEEKFNRFCEDDGQLLCWRCYWEDRHKGHTLAHVKDVYQNYKEKLQNTMTKLRELQENHEVQIHFITHQINAWKDAVEDRRQTIKSNFKNLQSFLQEEEKFYLWRLENEEKEMLVQLEGSEANLQQTFERAQCQIQELEAKCQGSAQKLLQDVKNTLSRCEAMKRNPLKADPLKVHTKCNVSELYFDVKTILRRHQVSVILDPSTAHLDLALTKGGRLVTYKRCPRDLQARSSAKRFYGLPCVLGCEGFTSGRYYFEVSVENATSWDLGVCVENVHRGFNMKKEPESGFWTIKMSEEDGLEALTSTPTPPLHLIEKPQILGVFLDYEAGAVSFYSVTTGSHIFTFPKASFQDTLRPFFQVYQYSPLFLPAINNQ
B0BNK8	2.7.7.19	MMPSESGDESLEQPAAQVGTGAASAVATAGAAGGGPDLEASSASLGRHQSRLSWPQVKRLDALLKEPIPIHGRGNFPTLSVQPQQIVQVVRSSLEEQGLHVHSVRLHGSAASHVLHPESGLGYKDLDLVFQMDLQSEASFQLTKAVVLACLLDFLPAGVSRAKITPLTLKEAYVQKLVKVCTDLDRWSLISLSNKSGKNVELKFVDSVRRQFEFSIDSFQIILDSLLLFGQCSSTPMSEAFHPTVTGESLYGDFAEALEHLQHRVIATRSPEEIRGGGLLKYCHLLVRGFRPRPSTDVRALQRYMCSRFFIDFPDPVEQRRILERYLEAHFGGAEAARRYACLVTLHRVVNESTVCLMSHERRQTLDLITMLALQALAEQGPAAMAALAWRRPGSDGVVPATVNYYVTPMQPLLPRAHSYPTWLPCN
Q0E2F9	3.4.19.12	MLQPRESDVPVLFVVFIVLPVIAYFLLGRWHDAVSKKARVSVLAQRAAEETFKVETMATPDVILPGPSLRPMPYMRSAPSARPEYHECATCHGPAKTRCSRCKSVRYCSGKCQIIHWRQGHKQTCQQWNGFGTSSSGGLPPTENTEQMPFLSNLNSPLRGSDVHLHDMDFDTMSEPSFVTTDSYNLDTSPFLSDRSNMNKPNQFLHTSENGAAIGSYEKNDYSIDGEVPSSEILSGNKGLNNSSGSGENCGNRDVIYPLNSVVHQPNNYAPEIRKRPKASITVYESDKGVYLTSDMISSGEGPYASAAESLQRSNSSGNVTGKGNMIHKKPPYPSGKVSSSQKSQEKVLTSHQYDGHEKNPHNKNEQRSTKTAVSTNSSLQGCNGISKAGASKVEALKKPSKFLKTSLVGLINDNKRSKVLFPYEDLVKFFQYEVRGISPRGLFNCGNSCYANAVLQCLMCTKPLMIYLLLRLHSKDCCSKNWCLMCELEQYASTLRESGGPVSPSRILSNLRNIGCRLGGGSQEDAHEFLRHLVMSMQGACLDGLGGEKQVEASLQETTLIQQMFGGRLKSKVKCLRCYHESERYENIMDLTLEIHGWVESLQDALTQFTAPEDLDGENMYKCGRCSAYVKARKQLSVHEVPNILTVVLKRFQTGKYGKINKCVTFPDMLDMVPFVTGAGDNPPLYFLYAVVVHVDTENASFSGHYISYVKDMQGTWLRIDDSEVQAVSLNQVMSEGAYMLFYMRSFPRPPKIYIEKGLSSVPTCSKRHSSKSSKGSKQDLNHTESLFASSDQTYGIYDFRPDNGYIQDQHAALRTRNFYHTDDAFADSISTDFSDATSSEWSLFTSSDESSFTTESTRDSFSVVDYGDNAGLDPISSIFGPYYAQDHPPGSFASCTRLSPSNPQTRYFQENTGFVSDSSMPAHLPGNVHRGRYPDRACSSSAEPPASANPRSVYGRYGLSREGFVQTSGFCQM
F4G5A4	1.1.3.15	MSPSDRIPPGVWNAIDYERLAPQAMDAGRHAYVAGGCGWDATVAANRAAFAGWAVLPRLLRDVRAGHTRLQLAGMDLPHPLLLAPVAHQRLAHPDAEIATARAAQATGSCLVASTLSSCTLEDIAAASGPARWFQLYLQPEREHSLDLLRRAEAAGYRAIVLTLDASIQLASRGALQAGFAMPADCVSANLARYPQPAPAQPAAGESRIFQGAMRHAPRWDDLRWLLASTRLPVWIKGVLHPEDARELQAAGAAGLIVSNHGGRSLDGAPASLRMLPALRTAVGAGYPLLLDGGVRSGQDAFKALALGADAVLVGRLQVYALAVAGALGVAHMLQMLVEELHACMAQAGCARLSDITHDTLTPSC
Q47Q21	4.2.1.113	MTGRAFAIPLRTRFRGITVREGMLVRGAAGWGEFSPFAEYGPRECARWWAACYEAAELGWPAPVRDTVPVNATVPAVGPEEAARIVASSGCTTAKVKVAERGQSEANDVARVEAVRDALGPRGRVRIDVNGAWDVDTAVRMIRLLDRFELEYVEQPCATVDELAEVRRRVSVPIAADESIRRAEDPLRVRDAEAADVVVLKVQPLGGVRAALRLAEECGLPVVVSSAVETSVGLAAGVALAAALPELPYACGLATLRLLHADVCDDPLLPVHGVLPVRRVDVSEQRLAEVEIDPAAWQARLAAARAAWEQVEREPGP
Q4WNV9	4.1.1.33	MAATSDRTVYRATTTAPVNIAVIKYWGKRDASLNLPTNSSLSVTLSQRSLRTLTTASCSAIYPAADELILNGKPQDIQTSKRTLACLSNLRSLRQALENADPSLPKLSTLPLRIVSENNFPTAAGLASSAAGFAALVRAVADLYQLPQSPLELSRIARQGSGSACRSLMGGYVAWRAGEREDGSDSLAEEVAPASHWPEMRAIILVVSAEKKDVPSTEGMQTTVATSSLFATRAASVVPERMAAIETAIQNKDFATFAEITMRDSNSFHATCLDSWPPIFYMNDVSRAAVRLVHDINRAVGRTVCAYTFDAGPNAVIYYLEKDSEVVAGTIKAILGPNTEGFDGPFYDILKNVTASVVPLEKVDSRAVEILKNGISRVILTGVGEGPISVEDHLVSATGDILAS
D4MUV9	1.1.99.6	MSEYQYNKVTPEMIEKFKEIAPKRVLVGDEINEDFTHDEMAIYGKARPEVLVEATSTEEVAAVVKLCNENKIPVTPSGARTGLVGGAVSIGGGVMISLTKMNKILGYDKENFVVKIQSGVLLNDLAQDAEKQGLLYPPDPGEKFATVGGNVATNAGGMRAVKYGCTRDYVRAMTVVLPTGEIVKLGATVSKTSSGYSLLNLMIGSEGTLGIITELTLKVIPAPKSVISLIIPYENLEDCIATVPQFFMHHLAPQALEFMEKEVVMDTEKFLGKQVYPKELEGTEIGAYLLATFDGNSEEQLEDIIEQASEVVLEAGAIDVLVADTPALKKDAWAVRGALLEAIEADTVLLDECDVVVPTNKIAEFLTYTKSLEAEADFRVKSFGHAGDGNLHIYTCSNDMEEGEFKKQVAVFMDKVYAKATEFGGMISGEHGIGHGKMDYLAESLGPVQMRIMEGVKEVFDPNMILNPGKICYKL
P38109	3.4.16.5	MKYLNLVFVLQLLISIKYASFGRAFSLFEDDTTFANLDKQLKLPQNTQQTLKLDRLNHDDPLFTTFISSVDTDYSLRLRTVDPSKLGIDTVKQWSGYMDYKDSKHFFYWFFESRNDPANDPIILWLNGGPGCSSFTGLLFELGPSSIGADMKPIHNPYSWNNNASMIFLEQPLGVGFSYGDEKVSSTKLAGKDAYIFLELFFEAFPHLRSNDFHIAGESYAGHYIPQIAHEIVVKNPERTFNLTSVMIGNGITDPLIQADYYEPMACGKGGYHPVLSSEECEKMSKAAGRCRRLNKLCYASKSSLPCIVATAYCDSALLEPYINTGLNVYDIRGPCEDNSTDGMCYTGLRYVDQYMNFPEVQETLGSDVHNYSGCDNDVFTGFLFTGDGSKPFQQYIAELLNHNIPVLIYAGDKDYICNWLGNHAWSNELEWINKRRYQRRMLRPWVSKETGEELGQVKNYGPFTFLRIYDAGHMVPYDQPEASLEMVNSWISGNRAFSDLSTLENAS
Q694C1	3.5.4.38	MTPQFRNTVERMYRDTFSYNFNNRPILSRRNTVWLCYEVKTKDPSRPPLDAKIFRGQVYSELKYHPEMRFFHWFSKWRKLHRDQEYEVTWYISWSPCTKCTRNVATFLAEDPKVTLTIFVARLYYFWDQDYQEALRSLCQKRDGPRATMKIMNYDEFQHCWSKFVYSQRELFEPWNNLPKYYMLLHIMLGEILRHSMDPPTFTSNFNNEHWVRGRHETYLCYEVERLHNDTWVLLNQRRGFLCNQAPHKHGFLEGRHAELCFLDVIPFWKLDLHQDYRVTCFTSWSPCFSCAQEMAKFISNKKHVSLCIFAARIYDDQGRCQEGLRTLAEAGAKISIMTYSEFKHCWDTFVYHQGCPFQPWDGLEEHSQALSGRLQAILQNQGN
Q694C0	3.5.4.38	MNPQFRNMVDGMDPHKFSYNFKNRPILSRRNTVWLCYEVKTKGPSRPPLDAKIFRGQVYFELKNHPEMRFFHWFSKWRKLHRDQECEVTWYMSWSPCTKCTRNVATFLAEDPKVTLTIFVARLYYFWDPDYQEALRSLCQERDGPRANMKIMNYDEFQHCWNKFVYSQRELFEPWNNLPKYYIVLHIILGEILRHSMDPLTFTSNFNNEPCVEGRHETYLCYKVERLHNDTWVLLNQRRGFLCNQAPAIHGFPEGRHAELCFLDVIPFWKLDGKQRYRVTCFTSWSPCFRCAQEMAKFISNNQHVSLCIFAARIYDDQGRCKEGLRTLDEAEAKISIMTYDEFQHCWDTFVDHQGRPFLPWIRLHEHSEALSGRLRAILLNQGN
Q694C2	3.5.4.38	MQPQYRNTVERMYRGTFFYNFNNRPILSRRNTVWLCYEVKTRGPSMPTWDTKIFRGQVLRSKAKYHPEMRFLHWFREWRQLHHDQEYKVTWYVSWSPCTRCANSVATFLAKDPKVTLTIFVARLYYFWKPDYQQALRILCQKRGGLHATMKIMNYNEFQDCWNKFVDGGGKPFKPRNNLPKHYTLLQATLGELLRHLMDPGTFTSNFNNKPWVSGQHETYLCYKVERLHNDTWVPLNQHRGFLRNQAPNIHGFPKGRHAELCFLDLIPFWKLDGQQYRVTCFTSWSPCFSCAQEMAKFISNNEHLSLCIFAARIYDDQGRYQEGLRTLHRDGAKIAMMNYSEFKHCWDTFVDRQGRPFQPWDGLDEHSQALSERLRAILQNQGN
Q7YR23	3.5.4.38	MVEPMDPRTFVSNFNNRPILSGLNTVWLCCEVKTKDPSGPPLDAKIFQGKVYSKAKYHPEMRFLRWFHKWRQLHHDQEYKVTWYVSWSPCTRCANSVATFLAKDPKVTLTIFVARLYYFWKPDYQQALRILCQKRGGPHATMKIMNYNEFQDCWNKFVDGRGKPFKPRNNLPKHYTLLQATLGELLRHLMDPGTFTSNFNNKPWVSGQHETYLCYKVERLHNDTWVPLNQHRGFLRNQAPNIHGFPKGRHAELCFLDLIPFWKLDGQQYRVTCFTSWSPCFSCAQEMAKFISNNEHVSLCIFAARIYDDQGRYQEGLRALHRDGAKIAMMNYSEFEYCWDTFVDRQGRPFQPWDGLDEHSQALSGRLRAI
G2X4G0	3.2.1.8	MVSFTSLLAAFSVVSGVLTSPIAVVPEVNTALAKRTPSSTGTSGGFYYSFWTDTPNSVTYTNGDAGKFSVSWKNNNGNHVGGKGWRTGSARTIKYSGSYKPNGNSYLAIYGWTRSPLIEYYIVESFGTYNPSTGATSKGQFTVDGSVYDLYTSTRTNAPSIEGTRTFTQFWSVRRTKRTSGSVNTGAHFAAWKKAGMNLGSHDYQILAVEGYKSSGSATMTVS
A0A1D8PLI2	5.3.3.2	MSSEYAKLVASLSNQDILTKWPEVTPLKKISGIPRSAGSDSSDSDLFDGHDEEQIRLMEELCIVLDYDDKPVGAGTKKLCHIMDNINAGLLHRAFSVFLFNEDGKLLLQQRADEKITFANMWTNTCCSHPLCVPSELGVDSSLEGSKDVNNLTNAVKGAKVAAQRKLEHELGIPFEDAPIENFTYLTRIHYKSPSGDESSKWGEHEIDYILILKTKNDITVNANYNEVRDFKYVSADELKVMFEDDSLVFTPWFKLICQSFLFKWWDNLDNLDQFKDEEIHRLL
I1RZ92	5.3.3.2	MSTTTTTTNQPITAESMLRLFPDIDTSSAPLSGHDEEQIRLMDEVCIVLDEDDKPIGTASKKICHLMTNIDKGLLHRAFSVFLFNDKNELLLQQRATEKITFPDMWTNTCCSHPLHIPTETGSTLEDSIAGVKRAAQRKLEHELGIKKEQVPFEDFHFLTRIHYKAPSDGMWGEHEIDYILFIKANVDLDINKNEVRDTQYVTPESLKQQFDDPSLVFTPWFKLICNSMLFEWWQNLDSGLDKYLNEQEIRRM
P40871	6.2.1.71	MLKGFTPWPDELAETYRKNGCWAGETFGDLLRDRAAKYGDRIAITCGNTHWSYRELDTRADRLAAGFQKLGIQQMDRVVVQLPNIKEFFEVIFALFRLGALPVFALPSHRSSEITYFCEFAEAAAYIIPDAYSGFDYRSLARQVQSKLPTLKNIIVAGEAEEFLPLEDLHAEPVKLPEVKSSDVAFLQLSGGSTGLSKLIPRTHDDYIYSLKRSVEVCWLDHSTVYLAALPMAHNYPLSSPGVLGVLYAGGRVVLSPSPSPDDAFPLIEREKVTITALVPPLAMVWMDAASSRRDDLSSLQVLQVGGAKFSAEAARRVKAVFGCTLQQVFGMAEGLVNYTRLDDPEEIIVNTQGKPMSPYDEMRVWDDHDRDVKPGETGHLLTRGPYTIRGYYKAEEHNAASFTEDGFYRTGDIVRLTRDGYIVVEGRAKDQINRGGEKVAAEEVENHLLAHPAVHDAAMVSMPDQFLGERSCVFIIPRDEAPKAAELKAFLRERGLAAYKIPDRVEFVESFPQTGVGKVSKKALREAISEKLLAGFKK
Q9CAC3	2.7.11.1	MTKSMNFFQNIIKPFKRSSNRGLEDDIERIAAMEQKVFPFQVLVSATKDFHPTHKLGEGGFGPVFKGRLPDGRDIAVKKLSQVSRQGKNEFVNEAKLLAKVQHRNVVNLWGYCTHGDDKLLVYEYVVNESLDKVLFKSNRKSEIDWKQRFEIITGIARGLLYLHEDAPNCIIHRDIKAGNILLDEKWVPKIADFGMARLYQEDVTHVNTRVAGTNGYMAPEYVMHGVLSVKADVFSFGVLVLELVSGQKNSSFSMRHPDQTLLEWAFKLYKKGRTMEILDQDIAASADPDQVKLCVQIGLLCVQGDPHQRPSMRRVSLLLSRKPGHLEEPDHPGVPGSRYRRRTQRPSGAASLGTLSTTGSSTDSFGSNLNTNTGTGVRGTPASSKASTRSNATRSAGQSSSSDPHGKRHMSY
B1XJV9	2.5.1.29;2.5.1.1;2.5.1.10	MVVADAHTQGFSLAQYLQEQKTIVETALDQSLVITEPVTIYEAMRYSLLAGGKRLRPILCLAACEMLGGTAAMAMNTACALEMIHTMSLIHDDLPAMDNDDLRRGKPTNHKVYGEDIAILAGDALLSYAFEYVARTPDVPAERLLQVIVRLGQAVGAEGLVGGQVVDLESEGKTDVAVETLNFIHTHKTGALLEVCVTAGAILAGAKPEEVQLLSRYAQNIGLAFQIVDDILDITATAEELGKTAGKDLEAQKVTYPSLWGIEKSQAEAQKLVAEAIASLEPYGEKANPLKALAEYIVNRKN
Q8Z0C8	1.2.3.5	MTAISSPINLFEYEQLAKTHLSQMAFDYYISGAGDEITLQENRAVFERIKLRPRMLVDVSQINLTTSVLGQPLQLPLLIAPMAFQCLAHTEGELATAMAAASAGTGMVLSTLSTKSLEEVAEVGSKFSPSLQWFQLYIHKDRGLTRALVERAYAAGYKALCLTVDAPVLGQRERDRRNEFVLPPGLHLANLTTISGLNIPHAPGESGLFTYFAQQLNPALTWDDLEWLQSLSPLPLVLKGILRGDDAARAVEYGAKAIVVSNHGGRQLDGAIASLDALPEIVAAVNGKAEVLLDGGIRRGTDIIKALAIGAQAVLIGRPVLWGLAVGGQAGVSHVISLLQKELNVAMALIGCSQLQDIDTSFLHL
A0A0P0ZBS7	4.2.1.113	MAINIEYVILRHLQMELKAPFTTSFGTFQRKELILVEVVDRDGVSGWGESVAFSAPWYSEETVKTNWHMLEDFLVPLALAEPIHHPEELSKRFSAIRQNNMAKAALEGAVWDLYAKRLGVPLSQALGGAKKDIEVGVSIGIQPTVADLLQVIERYVAQGYRRIKVKIKPSWDVDVIREVRRVFPDVPLMADANSAYTLVDADRLKALDEFGLLMIEQPLAADDLVDHARLQPLLQTPICLDESIRSYDDARKALDLGSCRIINIKIGRVGGLGEAKRIHDLCAERGAPVWCGGMLEAGVGRAHNIAITTLENFTLPGDTAASSHYWERDIITPEVEVHGGLIRVPDAPGIGYDVDRRQVERYTQFAKVFHRTATA
B0XMC1	2.3.1.9	MAIQTTTGLAARLVAKRATFPASRRNFSASRSALKEIQEAYILSGARTPTAKFNGSFVSVSAPELGAVAIKSAVSKSGVPVEKITDVYMGNVLQGAVGQAPARQASMFAGLSPTVESMTVNKVCASGLKAVALAAQNIQLGLAEAQVAGGMENMSRVPYYLPRSTQLPPFGEIKLQDGLIQDGLWDVYNQFHMGICAEKTAKKYEISREEQDQYAIQSYQRAQAAWKENKFAEEIAPVTVKGKKGETVVERDEGYENLRIDKMATLKPAFLRDGTGTVTAGNASTMNDGASALVLGSKAIAREFAQGNRALARIVSTADAAIDPVDFPVAPAKAVPIALERAGITKDQVAVWEFNEAFAAVIKANEKILGLQNARVNPLGGAISLGHALGSSGSRILVTLLHQLQPGEYGVAAICNGGGAATAMVVQKLDRVD
A0A1D8PJ25	1.3.1.71	MAASDTQSTSDETTPLVGSDESRYIPKDQIEYEFGGPIGALGMMIGFPLLMWYMWISAQFYNGQFALPSEGQSWKDFIIDDLFSKWVEYGIPSFGNWAFFTGFILIQALFYVTLPGVWTKGQPLTHLNNKQLPYFCNAIWSFYTSIVLSLVLHFTGVLPVYYMLDNVGGIMTTAIFYGISLSIILYLICIFVTGDYHRMTGNHIYDMFMGAPLNPRIGKYLDLKMFFEVRIPWFILFFLSFGLCFKQYETYGYVTPQACFMLYAHWLYANACAKGEELIVPTWDMAYEKFGFMLLFWNIAGVPFSYCQCILYIAYQEPEVYQWSIGYNVFLFVLITIAYYFFDTGNRQKNSFRRSVAGNSQLRKTFPYLPYSDLVNPKYIKCANGSLLLTDGWYVYARKMHYTADYIQTLTWALMCGFGSPFPWFFPIFFFIVLVHRGYRDQRKCAKKYGKDWDRYLEACPYMFIPYVW
A0A098DJ84	1.14.19.41	MASLLDCGAGLASANASFSTATDLSQENGLFSSWFERCSKTQIAVTIFAVLIAYDQFMYIWRKGSIAGPAFKIPFMGPFIQALYPKFDAYLAQWASGPLSCVSVFHKFVVLASDRDIAHKVFKSPTFVKPCIVPMAETLLRPSAWVFLQGRAHTEYRRGLNGLFTNKAISTYLPAQEKVYDDYFERFVAASEANKSKPMAFMRLFREINCALSCRTFFGDYISQDAVEKIAEDFYQVTAALELVNVPLSVYIPFTKCWRGKRTADAVLAEFASCAAACKANMAAGAEPKCIVDQWVLHMMESKRYNDRIAAGETGAEKPKNLIREFTDEEIGQTMFTFLFASQDASSSATTWLFQILAQRPDVLDRLREENLSVRGGNKETPFELSMLESLPYTNAVIKELLRYRPPVIFVPYEATKKFPVTPNYTISKGSMIVPSCYPALHDPQVYPDPETFDPERWITGDAESKTKNWLVFGAGAHDCLARKYVPLTMAAMIGKASLELDWVHHATSQSEEIRVFATLFPEDECQLVFTRQG
A0A0U5GNT1	4.2.3.194	MVRALILDLGDVLFNWDAPASTPISRKTLGQMLHSEIWGEYERGHLTEDEAYNALAKRYSCEAKDVAHTFVLARESLRLDTKFKTFLQTLKQNANGSLRVYGMSNISKPDFEVLLGKADDWTLFDKIFPSGHVGMRKPDLAFFRYVLKDISTPVEDVVFVDDNLDNVTSARSLGMRSVLFHKKDEVQRQLTNIFGSPAERGLEYLSANKTNLQSATTTDIPIQDNFGQLLILEATEDPSLVRMEPGKRTWNFFIGSPSLTTDTFPDDLDTTSLALSIVPTSPDVVNSVIDEIISRRDKDGIVPTYFDNTRPRVDPIVCVNVLSMFAKYGREHDLPATVAWVRDVLYHRAYLGGTRYYGSAEAFLFFFTRFVRNLRPGTLKQDLHALLSERVRERLNTPVDALALSMRIQACHALGFDAPADIATLITMQDEDGGWPAAVIYKYGAGGLGITNRGVSTAFAVKAITGSPVKTETNIGGDGARAVSAMSSLEARRLQPISSVGDWVRFIIASLHVHLAWLWNVLLLSKVV
Q9HC16	3.5.4.38	MKPHFRNTVERMYRDTFSYNFYNRPILSRRNTVWLCYEVKTKGPSRPPLDAKIFRGQVYSELKYHPEMRFFHWFSKWRKLHRDQEYEVTWYISWSPCTKCTRDMATFLAEDPKVTLTIFVARLYYFWDPDYQEALRSLCQKRDGPRATMKIMNYDEFQHCWSKFVYSQRELFEPWNNLPKYYILLHIMLGEILRHSMDPPTFTFNFNNEPWVRGRHETYLCYEVERMHNDTWVLLNQRRGFLCNQAPHKHGFLEGRHAELCFLDVIPFWKLDLDQDYRVTCFTSWSPCFSCAQEMAKFISKNKHVSLCIFTARIYDDQGRCQEGLRTLAEAGAKISIMTYSEFKHCWDTFVDHQGCPFQPWDGLDEHSQDLSGRLRAILQNQEN
Q694C4	3.5.4.38	MKPQFRNTVERMYRGTFFYSFNNRPILSRRNTVWLCYEVKTRGPSMPTWGTKIFRGQVYSKAKYHPEMRFLRWFSKWRQLHHDQEYKVTWYVSWSPCTRCANSVATFLAKDPKVTLTIFVARLYYFWKPDYQQALRILCQKRGGPHATMKIMNYNEFQDCWNKFVDGRGKPFKPRNNLPKHYTLLQATLGELLRHLMDPGTFTSNFNNKPWVSGQHETYLCYKVERLHNDTWVPLNQHRGFLRNQAPNIHGFPKGRHAELCFLDLIPFWKLDGQQYRVTCFTSWSPCFSCAQEMAKFISNNEHVSLCIFAARIYDDQGRYQEGLRTLHRDGAKIAMMNYSEFEYCWDTFVDRQGRPFQPWDGLDEHSQALSERLRAILQNQGN
Q694B6	3.5.4.38	MKPHFRNPVERMYQDTFSDNFYNRPILSRRNTVWLCYEVKTKGPSRPPLDAKIFRGQVYSKLKYHPEMRFFHWFSKWRKLHRDQEYEVTWYISWSPCTKCTRDVATFLAEDPKVTLTIFVARLYYFWDPDYQEALRSLCQKRDGPRATMKIMNYDEFQHCWSKFVYSQRELFEPWNNLPKYYILLHIMLGEILRHSMDPPTFTSNFNNELWVRGRHETYLCYEVERLHNDTRVLLNQRRGFLCNQAPHKHGFLEGRHAELCFLDVIPFWKLDLHQDYRVTCFTSWSPCFSCAQEMAKFISNNKHVSLCIFAARIYDDQGRCQEGLRTLAKAGAEISIMTYSEFKHCWDTFVDHQGCPFQPWDGLEEHSQALSGRLRAILQNQGN
A0A0D1CD96	3.6.4.10	MVLASRTTALAQRRKAARATGMSRPAFMTIIMAILALLTLSAFMSPASSAGGMGVAAAADKRSEYGTVIGIDLGTTYSCVGAQVNGRVEIITNDQGNRITPSYVAFTPWGESDLKKDAKHLPFKLVEKNGKPAIQVTVNGEKKVFTPEEVSAMVLQKMKETAEAYLGHKVTHAVVTVPAYFNDAQRQATKDAGTIAGLNVLRIVNEPTAAAIAYGLDKKDGESQIIVYDLGGGTFDVSLLSIDSGVFEVLATAGDTHLGGEDFDNRVSEYILKQFKKKTGLDASSNKRSVGKLKREVERAKRTLSSQMSTKIEIDGFFEGNDLDETLTRAKFEELNMDLFRKTMKPVEQVLKDAGVKKDEIDDVVLVGGSTRIPKVQAMLKEYFGREPSKGINPDEAVAWGAAVQGGVLAGDESLGDVVLIDVNPLTLGIETNGGVMTKLIPRNTVVPTKKSQIFSTAADNQNTVLIQVFEGERSMTKDNNLLGKFELTGIPPAPRGTPQIEVTFELDANGIMKVSAADKGTGKSESITISNDKGRLTPEEIERMVAEAEEFAEQDEAVRKRIEALNNLQNFIASLRSQLSDKEGLGGKLDKEDKETIKQSLKDAEAWLDENSQTAEGSDIEEQLSELQAAVAPITAKIYQGGAAAGGDDEPLNYGHDEL
Q00594	6.2.1.2	MLGQMMRNQLVIGSLVEHAARYHGAREVVSVETSGEVTRSCWKEVELRARKLASALGKMGLTPSDRCATIAWNNIRHLEVYYAVSGAGMVCHTINPRLFIEQITYVINHAEDKVVLLDDTFLPIIAEIHGSLPKVKAFVLMAHNNSNASAQMPGLIAYEDLIGQGDDNYIWPDVDENEASSLCYTSGTTGNPKGVLYSHRSTVLHSMTTAMPDTLNLSARDTILPVVPMFHVNAWGTPYSAAMVGAKLVLPGPALDGASLSKLIASEGVSIALGVPVVWQGLLAAQAGNGSKSQSLTRVVVGGSACPASMIREFNDIYGVEVIHAWGMTELSPFGTANTPLAHHVDLSPDEKLSLRKSQGRPPYGVELKIVNDEGIRLPEDGRSKGNLMARGHWVIKDYFHSDPGSTLSDGWFSTGDVATIDSDGFMTICDRAKDIIKSGGEWISTVELESIAIAHPHIVDAAVIAARHEKWDERPLLIAVKSPNSELTSGEVCNYFADKVARWQIPDAAIFVEELPRNGTGKILKNRLREKYGDILLRSSSSVCE
A5Y5L5	4.2.3.108;4.2.3.106;4.2.3.111;4.2.3.15	MNHHLIITPIFHLQIMLPVATLKRPPPPAATCSIYSFSRGTPSLVSKARLSTAAVGGMKNEPSPNHYSDISSSDLNLTRRSGNYGPTMWDFEYIQSIHNDYTEKKYMNRLNKLKEEMKKMIMAEGSQELEKLELIDNLQRLGVSYHFKHEIMQILSSIKQHSTPADSLYATALKFRLFREYGFHISQEIFGGLSETHTEDTKGMLYLYEASFLATEGESELEKARNWTEKHLREYLENKNDDQNVAELVHHALELPLHWRMLRIEARWFINFYKKKQDMIPLLLELAILDFNIVQAAHIEDLKYVARWWKETCLAENLPFARDRLVENFFWTIGVNFLPQYGYFRRIETKVNALVTTIDDVYDVFGTMDELQCFTHAFQRWNIDELDNLPDNMKMCYFALDNFINEVAGDAFEEHRVPILSYLRNAWTDLCKAYLREAKWYFSKYIPTMEEYMDNAWISISAPVILVHAYFLVANPVNKEVLHYLENYHDIIRWSALILRLANDLGTSSEELKRGDVPKSIQCYMNEKKVSEEEARQHIRLLISETWKKLNEAHNVAAHPFPKMFVKCAMNLARMAQCMYQHGDGHGHGDLNSETTNHIMALLFESIPPA
Q9FNE9	2.1.1.369	MVAVRRRRTQASNPRSEPPQHMSDHDSDSDWDTVCEECSSGKQPAKLLLCDKCDKGFHLFCLRPILVSVPKGSWFCPSCSKHQIPKSFPLIQTKIIDFFRIKRSPDSSQISSSSDSIGKKRKKTSLVMSKKKRRLLPYNPSNDPQRRLEQMASLATALRASNTKFSNELTYVSGKAPRSANQAAFEKGGMQVLSKEGVETLALCKKMMDLGECPPLMVVFDPYEGFTVEADRFIKDWTIITEYVGDVDYLSNREDDYDGDSMMTLLHASDPSQCLVICPDRRSNIARFISGINNHSPEGRKKQNLKCVRFNINGEARVLLVANRDISKGERLYYDYNGYEHEYPTEHFV
Q7YR25	3.5.4.38	MNPQIRNMVEQMEPDIFVYYFNNRPILSGRNTVWLCYEVKTKDPSGPPLDANIFQGKLYPEAKDHPEMKFLHWFRKWRQLHRDQEYEVTWYVSWSPCTRCANSVATFLAEDPKVTLTIFVARLYYFWKPDYQQALRILCQERGGPHATMKIMNYNEFQHCWNEFVDGQGKPFKPRKNLPKHYTLLHATLGELLRHVMDPGTFTSNFNNKPWVSGQRETYLCYKVERSHNDTWVLLNQHRGFLRNQAPDRHGFPKGRHAELCFLDLIPFWKLDDQQYRVTCFTSWSPCFSCAQKMAKFISNNKHVSLCIFAARIYDDQGRCQEGLRTLHRDGAKIAVMNYSEFEYCWDTFVDRQGRPFQPWDGLDEHSQALSGRLRAI
Q694C5	3.5.4.38	MKPHFRNTVERMYRGTFFYNFNNRPILSRRNTVWLCYEVKTRGPSMPTWGAKIFRGQLYPEAKDHPEMKFLHWFRKWRQLHRDQEYEVTWYVSWSPCTRCANSVATFLAEDPKVTLTIFVARLYYFWKPDYQEALRILCQKRGGPHATMKIMNYNEFQHCWNEFVDGQGKPFKPRKNLPKHYTLLHATLGELLRHVMDPGTFTSNFNNKPWVSGQRETYLCYKVERSHNDTWVLLNQHRGFLRNQAPDRHGFPKGRHAELCFLDLIPFWKLDDQQYRVTCFTSWSPCFSCAQKMAKFISKKKHVSLCIFAARIYDDQGRRQEGLRTLHRDGAKIAVMXYSEFKHCWDTFVDHQGRPFQPWDGLDEHSQALSGRLRAILQNQGN
Q7YR24	3.5.4.38	MKPHFRNPVERMYQDTFSDNFYNRPILSHRNTVWLCYEVKTKGPSRPPLDAKIFRGQVYSKLKYHPEMRFFHWFSKWRKLHRDQEYEVTWYISWSPCTKCTRDVATFLAEDPKVTLTIFVARLYYFWDPDYQEALRSLCQKRDGPRATMKIMNYDEFQHCWSKFVYSQRELFEPWNNLPKYYILLHIMLGEILRHSMDPPTFTSNFNNELWVRGRHETYLCYEVERLHNDTWVLLNQRRGFLCNQAPHKHGFLEGRHAELCFLDVIPFWKLDLHQDYRVTCFTSWSPCFSCAQEMAKFISNNKHVSLCIFAARIYDDQGRCQEGLRTLAKAGAKISIMTYSEFKHCWDTFVDHQGCPFQPWDGLEEHSQALSGRLRAILQNQGN
Q694B7	3.5.4.38	MKPQFRNTVERMYRDTFFYNFNNRPILSRRNTVWLCYEVKTRGPSMPTWDAKIFRGQVYSKAKYHPEMRFLHWFRKWRQLHRDQEYEVTWYVSWSPCTGCANSVATFLAEDPKVTLTIFVARLYYFWKPDYQEALRVLCQKRGSPHATMKIMNYNEFQHCWNKFVRGRREPFEPWENLPKHYTLLHATLGELLRHLMDPGTFTSNFYNKPWVSGQHETYLCYKVERLHNGTWVPLNQHRGFLRNQAPDIHGFPKGRHAELCFLDLIPFWKLDGQQYRVTCFTSWSPCFSCAQEMAKFISNNEHVSLCIFAARIYDDQGRCQEGLRTLHRDGAKIAMMNYSEFEYCWDTFVDRQGRPFQPWDGLDEHSQDLSGRLRAILQNQGN
Q694B8	3.5.4.38	MKPQTRNTVVRMDPDTFFYNFYNRPILSHRNTVWLCYEVKMKTNDPSRPPLVANIFQGQVSFNPEHHAEMYFLSWFRGNLLPACKRSQITWFVSWNPCLYCVAKVAEFLAEHPKVTLTVSTARLYCYRKKDWRRALRKLSQTGARVKIMDYEEFQHCWDNFVDNQREPFEPWNALPKHYTLLRITLGEVLRHRMDPVTFTYNFTNDPSVLGQHQSYLCYKVEHLRNGTWVPLHQHRGFILNEASNSVSFPEGRHAELCLLDLISFWKLKQAQRYRVTCFISWSPCFSCAEKVAEFLQENPHVNLHISAARIYDYQRGYKKGLRRLDRAGTPISMMKYSEFKHCWDTFVDHQGHPFQPWEELNEHSQALSGRLQAILQNQGN
Q694B9	3.5.4.38	MKPQTRNTVVRMDPDTFFYDFYNRPILSDRNTVWLCYEVKMKTNDRSRPPLVAKILEGQVHFDPEHHAEMYFLSWFRGNLLQACKSSQITWFVSWNPCLNCVAKVAEFLAEHPNVTLTVSTARIYCYWKKDWRRALRKLCQTGARVKIMNYKEFAYCWENFVYKERKPFRYWDKFSGNYRFLRCKLQEILRHLMDPGTFTYNFTNDPSVLGRHQTYLCYEAEHLHSGTWVPLHQHRGFILNEASNNLSFPEGRHAELCLLDLISFWKLDPAQTYRVTCFISWSPCFSCAQEVAEFLHENPHVNLRIFAARIYDYRPGYEEGLLRLSWAGAPISMMKYSGFSHCWDTFVDHQGRSFKPWKGLNEHSQALSGRLQAILQIMGN
I1RBR4	1.14.14.154	MGLLQELAGHPLAQQFQELPLGQQVGIGFAVFLVLSVVLNVLNQLLFRNPNEPPMVFHWFPFVGSTITYGMDPPTFFRENRAKHGDVFTFILLGKKTTVAVGPAGNDFILNGKLKDVCAEEIYTVLTTPVFGKDVVYDCPNAKLMEQKKFMKIALTTEAFRSYVPIISSEVRDYFKRSPDFKGKSGIADIPKKMAEITIFTASHALQGSAIRSKFDESLAALYHDLDMGFTPINFMLHWAPLPWNRKRDHAQRTVAKIYMDTIKERRAKGNNESEHDMMKHLMNSTYKNGIRVPDHEVAHMMIALLMAGQHSSSSTSSWIMLRLAQYPHIMEELYQEQVKNLGADLPPLTYEDLAKLPLNQAIVKETLRLHAPIHSIMRAVKSPMPVPGTKYVIPTSHTLLAAPGVSATDSAFFPNPDEWDPHRWEADSPNFPRMASKGEDEEKIDYGYGLVSKGSASPYLPFGAGRHRCIGEHFANAQLQTIVAEVVREFKFRNVDGGHTLIDTDYASLFSRPLEPANIHWERRQ
A0A1D8PIC7	1.3.1.70	MKSSKLNPVTTHKEFNGISGALGITIGLPTLTVLFYLLCNQTYSIHGINVDFAKIKSQLPITQDELWQLVFDKTCWSAYLAWFFILVILDYLLPGKSLNGVKLRDGTVLNYKINGLSMSSLLIVLLLARLFQSNSDSSLEYYLPELQFIYDNQLQLIIICFLFSFMLAVFVYIISFIPLAKPNGIGTKERILSINGNTGNPFYDWFIGRELNPRIGSWDIKLFCELRPGMLLWLLINLSCLHYQYHNLGYVTDSMIVVNLLQAFYIFDGVLNEEGCLTMIDITTDGFGFMLSFGDLAWVPWTYSLQARYLSIKGNEVNLGWTLSLLIVGLQALGFYIFRSANKQKSDFRQGKLPHLKSIQTKTGSKLLVEGWWGLSQHINYLGDWLIGLSWCLPTGFQTPLTYFYVIYFASLLIHRQVRDEMKCRAKYGEDWEKYEKLVPYKIIPYVY
Q5A1B0	1.1.1.170	MSESLQSVLIIGGSGFLGLHLIEQFYRHCPNVAITVFDVRPLPEKLSKYFTFDPSKIQFFKGDLTSDKDVSDAINQSKCDVIVHSASPMHGLPQEIYEKVNVQGTKNLLSVAQKLHVKALVYTSSAGVIFNGQDVINADETWPYPEVHMDGYNETKAAAEEAVMKANDNDQLRTVCLRPAGIFGPGDRQLVPGLRASAKLGQSKYQLGDNNNLFDWTYVGNVADAHVLAAQKILDKSTRDDISGQTFFITNDSPTYFWTLARTVWKNDGYIDKYYIKLPYPVALTLGYISEFVAKNILKKEPGITPFRVKVVCAIRYHNIAKAKKLLGYKPEVDLETGINYTLDWMNEDL
Q4WW43	1.3.1.71	MKSKMAAKDQKRLDNASSSDTKIEFEFGGAPGVTLIMIGFPLLMYYMYIGAVLYDGLLPTPEDGQSWADFLSHLVSLAYTHAYPTRKAWTIYWTFLILEGAGYLYLPGVYGKGKRLPHLGGKQLPYYCSAVSSWYLTIAAALILHFTGVLKLYTLIDEFGPLMSVAICSGIFVSIVAYISALVRGVEHRMTGSHVYDFFMGAELNPRLFGWLDFKMFFEVRIPWFILFLLTLGTALKQLEEYGLVAGEVLFLLMAHFLYANACAKGEELIITSWDMYYEKWGFMLIFWNLAGVPMSYCHCTLYLAYHDPSTYHWNPWVLAVWAVAYLFMYWVWDTCNSQKNYFRAQERGVTVDRKTFPQLPWKYIENPQSIPTKTGDSILCSGWFGMARKVHYTCDVFFAISWGLITGFNSPFPWFYPCFFTVMIIHRARRDINRCRERYGEAWMEYERRVPYLFIPVSFADLPHKDKLTD
Q4WJ59	1.3.1.71	MTVTRSQTGKTPKKLERPGYVETPGRRVTRSRVVVASETSADDVSDSATEIRGRSKSTTRRRQVKTEEASEGEEKGRANGHINGNTNGHTNGHTNGHTNGHTNGHTNGSTKKPRVIDGWVEGSDPKIDYSGEFEFGGSWGVLSMMIGFPLLMYYMWIGAVYYDGKFPRPSEGQSMSEFLAHMGHLVCEGAYPSLRAWIIYWVFFIFEALCYVLLPGVTVMGRALPHLGGKQLPYYCSGVWSFYTSIALAGVLHFTGIFKLYTIIDEFGPLLSVAIISGFLVSFVAYFSALARGAQHRMTGYHIYDFFMGAELNPRMFGILDFKMFFEVRLPWFILFFISLGAAARQYEVYGYVSGEVGFLLMAHFLYANACCKGEECIVSTWDMYYEKWGFMLIFWNLAGVPLSYCHCTIYLASHDPATYRWNRVFLVFLYAAYLFVYWVWDTTNSQKNRFRQQERGTMVSRKTFPQLPWQTLKNPKTITAADGSKILVDGWYGKARKIHYTCDLYFALNWGLITGFSSPFPWFYPIFFACMITHRALRDIQRCRNKYGEAWVEYERQVPYLFIPVSYSSS
I1RZZ3	1.3.1.71	MSSRYSLRQTPRKKELFEGMVETPIRRSRSARRQTSQPLSDVETDSTVEILPQPTEVLPQPTRRRTARFKEELDSDTDSDNMGAVNRAANGKTNGHANGNGNGYTNGHGNGNGHATNGHATSNGAAPIQAVIEKTKGVSHDPHVVDGWRPGQDPKVDYSGEVEFGGSFGTAAMMTLFPVLMWYMWIGATYYDGKFPSRTEGQSWSEFGAHLANLVYTGAFPRLQVWAWYWSYLIVEGAFYCLLPGVWGYGKPLPHEGGKQLPYYCNAYWSLYTTLACLAGLHYSGIWPLYTAVDEFGPLLSVAILSGFLVSIVAYFSALWRGKQHRMTGYPIYDFFMGAELNPRMFGILDFKMFFEVRMPWYILLILSLGTAARQHEQYGYVSGEVWFLVMAHFLYANACAKGEELIITTWDMYYEKWGFMLIFWNLAGVPLSYCHCTIYLANHHPDVYRWNRGILAAMFVGYLFWYWVWDSCNSQKNRFRAMEKGKLVLRNTFPQVPWQTIHNPKTIVSPQGTILVDGWYGLARKIHYTADVWFAVSWGLITGFESPFPWFYPVFFCCMIAHRAARDIHRCRRKYGDAWLEYERRVPYLFIPYVI
Q57752	4.2.1.1	MISKNVRIAKGAVIVGDVTIGDYSSVWYNAVIRGDVDKIIIGNYSNIQDCCVVHCSKGYPTIIGDYVSIGHGAVIHGCRIEDNVLVGMNATILNGAKIGENCIIGANALVTQNKEIPPNSLVLGVPGRVVRELTEEEIKSIKENALRYVKLSETLESYK
V6RPN0	2.5.1.21	MGYLYYLLHPYQLRSIIQWKVWHDPVHERDPSTESPELQECFRYLNLTSRSFAAVIQELNHELLVPITLFYLCLRGLDTIEDDMTLPLEKKIPILRNFHTTMNEDGWQFHESQEKDKELLEHFDVVITELKKIKAPYHEIITDMTRKMGNGMADYAENEEMIKNGVQTIEEYELYCHYVAGLVGEGLTRLFVESELANPKLAERPSLTESMGQFLQKTNIIRDLHEDWQDGRRWYPKEIWSQHVDKWEDMFNPAQQTKAIECVSHMVLDALKHSEECLFYMAGIKDQSVFNFVAIPEGMAIATLELVFRNPEVLKRNVKITKGDACKIMFECTQNLFTVCEVFKRYTRKIAKKNDPRDPNFLAISAQCAKIEQFIETLFPKQDPKKLTLTQAQAQNKEPTMDAGEAVVLFGVVIAALVCISGLMLGTAWFFGARFDHIFREASVFLPGREKATPMITGHEEL
A0SJQ5	2.5.1.21	MGATSMLTLLLTHPFEFRVLIQYKLWHEPKRDITQVSEHPTSGWDRPTMRRCWEFLDQTSRSFSGVIKEVEGDLARVICLFYLVLRGLDTIEDDMTLPDEKKQPILRQFHKLAVKPGWTFDECGPKEKDRQLLVEWTVVSEELNRLDACYRDIIIDIAEKMQTGMADYAHKAATTNSIYIGTVDEYNLYCHYVAGLVGEGLTRFWAASGKEAEWLGDQLELTNAMGLMLQKTNIIRDFREDAEERRFFWPREIWGRDAYGKAVGRANGFREMHELYERGNEKQALWVQSGMVVDVLGHATDSLDYLRLLTKQSIFCFCAIPQTMAMATLSLCFMNYDMFHNHIKIRRAEAASLIMRSTNPRDVAYIFRDYARKMHARALPEDPSFLRLSVACGKIEQWCERHYPSFVRLQQVSGGGIVFDPSDARTKVVEAAQARDNELAREKRLAELRDKTGKLERKLRWSQAPSS
O14321	2.1.1.41	MSSTALLPPNTDQVLSRRLHGKAAEKKTGLAAIASKDVDEQSRKLQEYFEFWDRNHENESEEDRARRIDGYKSVVNSYYDLATDLYEYGWSQSFHFSRFYKGEAFAQSIARHEHYLAYRMGIKPGSRVLDVGCGVGGPAREITEFTGCNLVGLNNNDYQISRCNNYAVKRNLDKKQVFVKGDFMHMPFEDNTFDYVYAIEATVHAPSLEGVYGEIFRVLKPGGVFGVYEWVMSDDYDSSIPKHREIAYNIEVGDGIPQMVRKCDAVEAIKKVGFNLLEEDDLTDHDNPDLPWYYPLTGDITKCQNIWDVFTVFRTSRLGKLVTRYSVQFLEKIGVAAKGTSKVGDTLAIAQKGLIEGGETHLFTPMFLMIAKKPETDA
Q4WES9	5.4.99.7	MTGGPIASWRTAAQGHLTPDENGDLKTDYSRWRLLDDRGRQTWHYLESDEENEKWPQSVADKHFLGLPTVTPLAPAATNRMFAIHELPELPKAKTPLQCAENGLEFFSKLQLPPGNWACEYGGPMFLLPGLIITYYVTNTPIPPEYATEIKRYLFARQHPEDGGWGLHIEAHSSVFGTCMNYVALRLIGVSEDDPRMIKARGLLHKFGGAIYGPHWAKFWLSVLGVMEWECVNPVPPELWLLPDWVPFTPWRWWIHIRQVFLPMSYLWSKKFTHPLDPLTKQLRQELYTQPYDSISFANHRNSIHAADNYYPKTWLLNLINQLLVSVWNPYFRIPALVKRAEEWTWELIRMEDENTDYAGLGPVSNPMNMVACYLHDGPDSYSVRRHRERLNDYMWMKNEGMLMNGTNGVQVWDTAFITQAIVVAGFADDPKWRPMLTKALEFLEDHQLRENVPDQEKCYRQHRKGAWPFSNKTQGYTVSDCTAEGLRSTIQLQEMHNYPRLISVERLKDSVDCLLLMQNPSGGFTEYETTRGSEKLEWLNAAEVFGGIMIGYDYPECTTASVTALSLFSRFYPDYRADEIKAAKDKAVKYIKRVQRPDGSWYGSWGICFTYAAMFALESLASVGETYETSEYARRGCEFLLSKQKEDGGWGESYLSSEKHVYVQHEKSQVVQTAWACLALMEAEYPHKEPLQKAMKLLMSRQQPNGEWLQESIEGVFNQSCMISYPNYKFYWPIRALGLYSRKFGNEELM
Q4WBQ3	2.3.3.10	MPSSAQNVGIKALEIYFPSRYVPQTELETFLGASAGKYTIGLGQQNMSFCDDREDLYSLALTAVSSLLRKYAIDPNTIGRLEVGTETLLDKAKSCKTVLMQLFGDNTDIEGVDTYNACYGGTNALFNAVNWIESSSWDGRDAIVVAGDIALYETPAARPTGGAGCVAMLIGPDAPLVLEPVRGSCMKHVYDFYKAYFKSEYPLVDGQFSNTCYLGALDACYQRYQAKQRARQAAKTNGTAISNGHQGSFLDTFDYFAFHAPNCKLVAKGYGRLLFNDFKLESGSFDEVPAQVREADFAASLTDKALEKLCVSLTKERFVQRVEPSLTAPTNCGNMYTASVYAGLISLISNVPSDRLQDKRIGMFSYGSGLASTLFSFRVKGDTTEMARKIGLQDRLSARTAVSPEFYDQMCKLREKAYQQRNYTPEGSVESLAPGTYFLVHVDDAYRRKYDMKPYLSMCEDRHEQAV
I1RF79	1.3.1.70	MKAPDSPRYEFGGPLGATGIVFGLPILMQVLYLGCNDVSGCPAPALLDPKTLSWAKLKSQIPWPQEGLSGFMSWEVTRWLFAYYFLSLMLYRIMPAQIVLGTKLRESGKPLEYRFNSFSATVVQLTGCAIGTYIYGANFPVWTWITDHYIQLLTTSTVLTYIISIWTYLRSFSIKPGNPELREVAVGGRTGRVIYDYFIGRELNPRVTLPFFGEIDIKAWLEMRPGLTGWILLNCSFIAKQYRTYGFVSDSIVVIALIQAYYVLEGQYSEAGLLSMMDITSDGLGFMLTWGDIVWVPFLYSTQCRYLSVYPVHLGPIGVGAIGTVFCIGLYIFRSSNNQKALFRKDPNNPAFANMTYIQTKRGTKLLTGGWWGMARHVNYLGDWIQSLPFCLPTKAAGYVILPAGTAVAGAEVAKMLDGRLVTPGDAAPWGMLFTYLYSAWFGFLLIHRERRDDYACSEKYGKDWEEYKNKVRWRVLPGVY
K7PL94	2.3.3.10	MTVPINASTSQDVEAPPRPKDVGILAIEMYFPKRCISEEELEAFDSVSKGKYTIGLGQKFMACCDDREDINTFALTAMTSLIEKYNVDPKSIGRIDVGTETIIDKSKSTKTHLMDYFAEAGNTDVEGVDSKNACYGSTAALFNAVNWIESSSWDGRNAIVVGGDIAIYAEGSGRPTGGAGAVAMLIGPNAPLVLEPIHGTHMANTYDFYKPKLDSEYPEVDGQLSITTYISAIDASYAAYRAKHAKAKKAAGLGGPAFSLADVDYPVFHSPYGKMVQKAHARLVYNDFLANPDAPRYAQVPERAAWLAQPYKASLTDKTLEKTFMGVAKAQFDGTVEKGMRCARRCGNMYTASLYGGLASLLASVEPAEIRGKRISMFAFGSGLASSFFTIKVKGDTTEVQEKLDLIRRLESMDVVPCQAYVDSLALREKNHNAGSYVPEGSIDNIWPGGYYLESIDSKYRRKYIRAPKA
A0A165KQE5	5.3.1.7	MAIPPYPDFRSAAFLRQHLRATMAFYDPVATDASGGQFHFFLDDGTVYNTHTRHLVSATRFVVTHAMLYRTTGEARYQVGMRHALEFLRTAFLDPATGGYAWLIDWQDGRATVQDTTRHCYGMAFVMLAYARAYEAGVPEARVWLAEAFDTAEQHFWQPAAGLYADEASPDWQLTSYRGQNANMHACEAMISAFRATGERRYIERAEQLAQGICQRQAALSDRTHAPAAEGWVWEHFHADWSVDWDYNRHDRSNIFRPWGYQVGHQTEWAKLLLQLDALLPADWHLPCAQRLFDTAVERGWDAEHGGLYYGMAPDGSICDDGKYHWVQAESMAAAAVLAVRTGDARYWQWYDRIWAYCWAHFVDHEHGAWFRILHRDNRNTTREKSNAGKVDYHNMGACYDVLLWALDAPGFSKESRSAALGRP
B2SWQ5	5.3.1.7	MTQSDPLHPANGAAAAPPVESFRSRDFLLSHVQDTLRFYAPNVFDPSGGFFHFFRDDGSVYDKTTRHLVSSCRYVFNYAMAYRQFGDPQHLEYARHGLRFLREAHWDAQHEGYDWEIEWRDGKKRTLDATRHCYGLAFVLLAYSHAAMAGIEEAKPMIGATFELMEHRFWDAAAGLYADEASPDWRVSSYRGQNANMHTTEALLAAHEATRHLVYLDRAERVASNITLRQAKLSQGLVWEHFHADWSVDWHYNEEDSSNIFRPWGFQPGHQTEWAKLLLILERFRPLPWLLPRAIELFDAAMAHAWDEDHGGLYYGFGPDGTVCDHDKYFWVQAETFATAALLGKRTGNERFWDWYDEIWRYSWAHFVDHEYGAWYRILTCDNRKYSDEKSPAGKTDYHTMGACYEVLAHALPDGAAAAPESAEQTK
B2T7R9	4.2.1.25	MADSNQTKKPLRSQAWFGLKDRDGFLHRSWMKNQGIPHDEFDGRPVIGICNTWSELTPCNAHFRELAEYVKKGVHEAGGLPLEFPVMSLGETNLRPTAMLFRNLASMDVEESIRGNPMDGVILLVGCDKTTPALLMGAASCNLPALAVSGGPMLNGRFRGKNIGSGTGVWQMSEEVRAGTMTQEEFTEAESCMNRSRGHCMTMGTASTMASMVESLGMGLPHNAAIPAVDARRQVLAHLAGRRIVDMVREDLTMDKILTRQAFENAIRTNAAIGGSTNAVVHLIALAKRIGVELSLEDWELGSNVPCLVNLQPSGEYLMEDFYYAGGLPAVLKQLGEQGLLHKEALTVNGKTLWDNVRNAANYDEKVITTFAEPFKPKAGIAVLKGNLAPNGAVIKPSAATASLLKHRGRAVVFENIEELHAKIDDESLDIDEHCIMVLKGAGPKGYPGFAEVGNMPLPKKVLQKGITDMVRISDGRMSGTAYGAVVLHVSPEAAAGGPLAFVQTGDMIELDVEERRLHLDVTDEELARRRAAWQAPEAPKRGYYKLYVEHVLQADQGADLDFLVGSSGAPVPRDSH
B2TDJ5	2.6.1.19	MSYRTEEVAYVQPAQPAASAQASQAAQQQRSTAEYRALDAAHHIHPFSDMGSLNRSGSRVIVKAQGVYLWDSEGNKVIDGMAGLWCVNVGYGRKELADAAYKQMQELPYYNTFFKTTHPPVIELSALLAELAPEAFNHFFYCNSGSEGNDTVLRIVHQYWATQGKHSKKFVISRKNGYHGSTIAGGTLGGMGYMHEQMPSKVENIVHIDQPYFFGEAQGNLTPEEFALARAQQLEAKILEIGADNVAAFIGEPFQGAGGVIFPASTYWPEIQRICRKYDILLVADEVIGGFGRTGEWFAHQHFGFEPDLITLAKGLTSGYVPMGAVGLHDRVAKAIIENGDFNHGLTYSGHPVAAAVAVANLKLLRDEKIVDRVKNDTGPYFQKQLRETFANHPIIGEISGTGLVAGLQLAQDPKARKRFANGGDVGTICRDFCFNGNLIMRATGDRMLLSPPLVINKLEIDEIVSKAKKAIDATAQQLGIS
B2T9V5	1.1.1.122;1.1.1.173	MTATIGSKIGQRRRIGRGPLQVTGLGLGTAPLGGLYRDLSDEEAHATIAAAWDAGVRYFDTAPHYGNTKAEHRLGDALRRYPRADYVLSTKVGRRFVPRTTPFDDKEGWQNPLPFEAIYDYTHDGILRSFEDSQQRLGIVDIDILLVHDIGRVTHGDNHPHYWRQLTEGGGFRALDALRSSGAIKAVGLGVNEGAAILDAMAEFDIDCALLAGRYTLLEQTTLDDLLPACEKRGVSILLGGAFNSGILARGVQGDLKFNYGEAPPEVIERVARLEAVCRTHGVPLAAAALQFPYAHPTVATVLTGARSADELRENAASFELPIPAALWFALREEGLLDSRAPAPED
A0A0C4Y642	1.1.3.15	MNAPHEVSLVADDARRSALLAGLAKILPDAALLWKPEDTVPYECDGLAAYRQVPMAVALPDNEDQVCAILRLCHSLQVPVVPRGAGTSLSGGAMPIATGLVLSLAKFKRIVSVDVRSRTAVVQPGVRNLAISEAAAQYNLYYAPDPSSQIACTIGGNVSENSGGVHCLKYGLTVHNVLRVRAVTMEGDVVEFGSEAPDAPGLDLLAAVIGSEGMLAVVTEVSVKLIPKPQLAQVIMASFDDVAKGGNAVADVIGAGIIPAGLEMMDKPATAAVEEFVRAGYDLDAAAILLCESDGTPEEVAEEVERMSEVLRASGASRIQVSQSEPERLRFWSGRKNAFPAAGRISPDYYCMDGTIPRKHIGTLLKRIEEMERKYGLRCMNVFHAGDGNMHPLILFDGADQDEWHRAELFGSDILESCVELGGTVTGEHGVGVEKLNSMCVQFSAQERDLFFGVKAAFDPARLLNPDKAIPTLARCAEYGRMHVKRGLLPHPDLPRF
A0A0C4YDN4	1.1.3.15	MQTTLAEFLRDTPDGEEAKSIVGKCVHCGFCTATCPTYQLLGDELDGPRGRIYLMKQVLEGQPVTQSTRLHLDRCLTCRNCESTCPSGVKYGRLVDIGRKVVDDRLEAQGIQRPARERFARWALRETMTRPALFGTAMRMGQRVRPLLPQALRNKVPQAVDAGAWPRTTHARKMLLLDGCVQPSMSPNINAATARVFDRLGVQLVMAREAGCCGAVRYHTGDHDGGLDNMRRNIDAWWPAVQAGAEAIVMTASGCGVMVKEYGHLLRNDAHYADRARQISALTKDLSELLPNFADALQDAAAEAGSSKGTNGTDGQRVAYHPPCTLQHGQQIRGKVEALLTGLGVDVKLCADSHLCCGSAGTYSVLQPALSYRLRDEKLANLQALKPEAIVSANIGCITHLQSGTGTPVMHWIELVDRMLG
A0A0C4YKU6	1.1.1.103	MTKPARVLIIGANGQLGTELASALADRYGKQNVVTSDMVPHGRHLHLTHEMLDVTDRAHLRDVIERHGITQIYHLAAALSATGEKSPTWAWQLNMNGLLNVLEAARHQKLDKVFWPSSIAAFGPTTPPDGTPQSTIMEPKTVYGISKLAGEGWCRWYFENHGVDVRSLRYPGLISYKTPPGGGTTDYAIDIFHSALRAQPYACFLEKDEALPMMYMPDAVRATMELMEAPRASISERGSYNLAGLSFTPGEIANEIRRHCPGFDVRYEPDFRQEIAAGWPDSIDDSVARRDWNWRPEFGLKEMVADMLKNLATLNQGSALECVS
A8LS70	2.7.1.5	MTRHVAVIDIGKTNAKLALVDRQSLTEISVITRPNTVLPGPPWPHFDVDGHWAFLLDGLRDFQARHGIDAISITTHGACAALLQKDGALAAPILDYEHPGPDDTALAYDALRPPFSETGSPRLAGGLNIGAQLFWQFHTDPALRDRTRQIVTYPQFWGAKLTGVTATDVTSLGCHTDLWNPHAGAVSSLVDRLGLTGKLAPVRKPHDILGPVLPAVAAQTGLAPGTPVHCGIHDSNASLLPYVLTQTSPFSVISTGTWVVAMSVGGRPVVLDPDLDTLINVTALGQPAPSARFMGGREHDLATEGTGPPPSAQDLDHILSRQILLLPAVVPDTGPFKGQASRWEGDAPAPGTGARGAAVALYLALVTAECLSNIGHAGKIIVEGPFAGNRLYLEMLSVAMEADVVRASGTTGTSAGAALLAGGDAGAPPRPDSLVALPAASKTRLRHYAAHWRQRARRRTP
A0A2M8WCE5	1.1.1.175	MTQPAAASAAAVYPSLKGKRVLVTGGGSGIGAGIVEGFARQGADVTFFDIAGAESQLLVERLSADGHKACFERVDLTDVASLQAVIARLIKGAGGFDILVNNAANDDRHAIDEITEAYWDERLSVNLKHIFFCAQAVVPAMRARGGGAIVNLGSISWHLGLSDLVLYQTCKAAIEGLTRSLARDLGRDGIRATCVIPGNVRTPRQLKWYSPEGEAEIVAAQCLDGRLAPEDVAAMVLFLASDDARLVTGHSYFVDAGWR
A0A2M8WCE8	1.2.1.26	MELTGGLFIGGERRQSDARFHAYDPAAGADIADAGFASASEQDVADACAAAEAAFLPYSTKPLEARARFLETIADEIEALGDVLIERACRESGLPAARITGERGRTVGQLRLFAKEVRDGAWQKLRIDHADRERTPPRPDLRLRMVPLGPVAVFGASNFPLAFSTAGGDTASAFAAGCPVVVKGHRAHPGTAELIATAIIRAVETCGMPAGTFGMVNGTSRKVGETLVADPRIQAVGFTGSRGGGEALMRIAAARPRPIPVYAEMAAINPVILMPQALKARGPALAEAFVASLAMGAGQFCTNPGLVMGIDGPELDAFVARAGEVLSGQAAQVMLTDGIWEAFESGKAKLAGSAFVTKVAEGVEADGPNRGRAALFSVAGKDFLADPVHLHEVFGVSSVVVRCASLEELKAVLGELEGQLTATLQVDEGDYPEAQALLPVLERTVGRVIANGWPTGVEVTHAMVHGGPYPSTSDPRSTSVGTLAIDRFLRPVSYQDLPEALLPAALRENAQAGTVARIDGSWTI
L0GSF4	1.1.3.15	MSVIANDASAQLLDQVNQALAANTPLRIQGSGSKSFLGLQADGVLLDTREHRGIVSYDPTELVVTVRAGTPLTELETALDEAGQMLPCEPPHFGEGATVGGMIAAGLSGPRRPWSGSVRDFVLGSRVITGQGKHLRFGGEVMKNVAGYDLSRLMAGSFGCLGVLTEVSLKVLPKPRLCTSLRLEIDLERALLKLAEWGQQPIPISAASHDGQALHLRLEGGEGSVGAARERIGGEDLDPGYWNDLREQRLAFFADPRPLWRLSLPNNTPALGLPGDQLVDWAGAQRWLKSDADAVTIRGIAIEVGGHATCFTAGATTNPFQPLAAPLLRYHRQLKAALDPQGIFNPGRMYSEV
A1S5F6	2.7.1.2	MYRSGIDLGGTKIELVTLNEKGEEVFRKRVPTPKDYRATLEAVAGLVHDSEKETGQVSSVGIGIPGVVSAVTGRVKNSNAVWLNGQPMDKDLGAMLGREVRIANDANCFAVSESVDGGGAGKTLVFGAILGTGCGAGIAINHKVHGGGNGIGGEWGHNPLPWMTADEFNSTRCFCGNADCIETFVSGTGFVRDFRAHGGEAASGIEIVALMGKGEPLAEAAFGRFIDRLARALAHVINLLDPDVIVLGGGVSNIDEIYEYLPALLPKYVLGGECATKVVKNHHGASSGVRGAAWLWAPGEQAALPGLQEL
A1S7T0	2.7.1.2	MMRMGVDLGGTKIELVALGEDGSELFRKRIATPREYQGTLNAVVTLVNEAEATLGTQGSLGIGIPGVISPYTGLVKNANSTWINGHPLDRDLGALLNREVRVANDANCFAVSEAVDGAAAGKRVVFGAILGTGCGAGLAFDGRVHEGGNGIGGEWGHNPLPWMRPDEFNTTECFCGNKDCIETFVSGTGFVRDFRNSGGTAQNGAEIMSLVDAGDELANLVFDRYLDRLARSLAHVINMLDPDAIVLGGGMSNVQAIYARLPAILPKYVVGRECRTPVVQNLYGCSSGVRGAAWLWEKR
A1S8Y9	2.6.1.19	MQQQQQDTISALQAMDAAHHLHPFTDSADLAKRGTRVIERAEGVYIWDAKGNKLLDAMAGLWCVNVGYGRKSIADAAYAQLQTLPFYNNFFQCTHEPAIRLASKIASLAPGHMNRVFFTGSGSEANDTNLRMVRRYWDLKGMPSKKTIISRKNAYHGSTVAGASLGGMGFMHQQGDLPIPGIVHIDQPYWFGEGRDMSPEAFGIKTAQALEAKILELGEDKVAAFIAEPFQGAGGVIIPPDSYWNEIKRILEKYNILFILDEVISGFGRTGNWFAAQTLGLKPDLITIAKGMTSGYIPMGGVIVSDRVADVLISDGGEFAHGFTYSGHPVAAAVALENIRILEEERLVDKVRTDTGPYLQDRLQTLSAHPLVGEVRGMGMVGAIELVADKHSMVRFGSEISAGMLCREACIESGLVMRAVGDTMIISPPLCITRDEIDELIFKASQALSLTLEKIAARGN
A1S8Z1	3.5.1.94	MSDATIPLIGVSACNTPIGLQTFNTVGEKYLLGVINGTGGWPLIIPSIGDGMPTELLLERLDGILFTGSPSNVEPHHYSGPASEPGTHHDPRRDATTLPLIKAAIAAGVPVLGICRGFQEMNVAFGGSLHQKLHETGVFEEHREDRTAPLEVQYGLAHTVTLEPGGVIFEAWGRSSAEVNSVHTQGVERLGNGLRPEAYAPDGLIEAFSVTDAKNFALGVQFHPEWKVADNAFYLSIFNAFGDACRRRAQERAR
Q92VL4	5.1.3.29	MQRMGMVIGLEPSKIAEYKRLHAAVWPEILALISECNITNYSIFLKEPENLLFGYWEYVGEDFEADMTKMAAHPKNQEWWSVCMPCQKPLESRRQGEWWAMMEEVFHHD
Q92UY2	2.7.1.101	MHKILTIGEILVEIIATEKGDGFRKATPLIGPFPSGAPAIFIDQAGKLGQPCAIISRVGGDDFGTVNLERLKRDGVDISGIEVDPLATTGSAFVRYRPDGSRAFVFNIRDSACGKITLDERMTRLVGECSHVHVMGSSLYAPSVVESILAAIGIVKAGGGTVSFDPNLRPEILKSPGMREALLTVLAETDLFLPSGDELFLFTEAKTESQAVAELLASGIKAVVVKRGAAGASYFDAGAALSLPGFPVEEIDPTGAGDCFGATFVSFWLNGASPREALEFAAASGARAVMHFGPMEGASTRAELERFISEQQA
Q92QY5	1.1.1.48	MSPINIAIVGVGKIVRDQHLPALAKNADYRLIAAASRHGTVDGIDNFKSIEAMIDAVPAVEAVSLCMPPQYRYEAARTALAAGKHVFLEKPPGATLSEVADLEALAEEKGVSLFASWHSRYAPAVEAAKTFLASAAIRNVRIIWKEDVRHWHPNQEWIWAAGGLGVFDPGINALSIMTHILPRPVFITSATLEFPENRDAPIAATIAFSDAEKLDVAAEFDWRQTGKQSWDIVAETDAGGMVLSEGGAKLAIDGKIVHEEPEQEYPMLYRRFAEIIKAGRSDVDLAPLRHVADAFMLGRRKFVEAFHD
Q92RS1	1.1.3.15	MIQRPQGATWSTRLQTNFSPEQLADPHVAESETILRKCVHCGFCTATCPTYVVLGDELDSPRGRIYLIKDMLENGRAADSETVTHIDRCLSCLSCLTTCPSGVDYMHLVDHARAHIEKTYKRPFKDRLARSVIAATLPYPSRFRLALGAAGLARPLAGLLKRVPFLRTLGVMLDLAPSALPAARGAKPAVYAAKGTPRARVALLTGCAQPVLRPEINDATIRLLTGQGVEVVVSAGEGCCGALVHHMGRDEQALQAGRHNIDVWLKAAEEDGLDAIIITASGCGTTIKDYGHMLRLDPAYAEKAARVSALAKDVTEYLATLDLPEQGARNLTVAYHSACSMQHGQKITSAPKQLLKRAGFSVREPAEGHLCCGSAGTYNILQPEISAKLKARKVRNIEATKPEVIATGNIGCITQIASGTEIPILHTVELLDWAYGGPKPAGL
Q92TD9	4.2.1.5	MPAPSSILLSPDDNVVVATAAIAPGDRLAGGVSAVARIEPGHKAAIRRIDVGEPVVKYGQAIGRATSPIAPGEHVHSHNLAFDQGRLAVGAAVPPEAASEADKARTFLGYRRADGRAATRNYIGIVASVNCSTTVCRAIADEANRRILPKYEGIDGFVPIVHDQGCGMSSTGDGMKNLHRTLAGYARHANFGGVLMVGLGCEVNQLTLYGQSGAGAEKRHFNIQEAGGSRRSVERALGILDEIAKEVAAARRVPIPVSEIIVGLQCGGSDGLSGITANPALGAAVDILAAAGGTAILSETSEIYGAEHLLRSRAVNETVAVKLDGLIAWWEDYVAMHGASLDNNPSPGNKRGGLTTILEKSLGAVAKGGRSPLTAVYNYAERVTEPGLVFMDTPGYDPVSATGQVAGGANVIAFTTGRGSCFGCRPAPSIKLTSNTALYRAMEEDMDIDCGVIASGETTIADLGRGIFELIIETASGRKTKSELFGYGDNEFVPWHLGATL
A0A1N7UGH9	1.2.1.26	MTSFLGHNYIGGQRSANGSVTLQSVDATSGEALPQHFYQATPQEVDAAAKAAAQAYPAYRALSAARRAQFLDAVADELDALGDEFVELVCRETALPAARIKGERGRTSGQMRLFATVLRRGDFYGARIDKALPDRQPMPRPDLRQYRIGLGPVAVFGASNFPLAFSTAGGDTAAALAAGCPVVFKAHSGHMATAERVADAIIRAAEATEMPAGVFNMIFGGGVGEALVKHPAIQAVGFTGSLKGGRALCDMAAARPQPIPVFAEMSSINPVIVLPQALKARAESVARDLTASVVQGCGQFCTNPGLVIGVASPEFTAFTQQVAQLIGDQPAQTMLNAGTLSSYGKGLEKLLAHPGIQHLAGSQQAGNQAQPQLFKADVRLLIDGDEVLQEEVFGPTTVFVEVADQAQLSAALHGLHGQLTATIIGEPADLQQFAELTPLLEQKVGRILLNGYPTGVEVCDSMVHGGPYPATSDARGTSVGTLAIDRFLRPVCFQNYPDSLLPDALKNANPLRIQRLVDGTPSRDPL
A0A1N7UE67	5.3.1.7	MITQPLPASSWLNAPAHYVWLAAEGQRLLAFAKASRLPDGFGNLDDKGQLPADAHAETMNTARMTHSFAMAHALGLPGYAELVAHGVAALSGALRDSEHGGWFAAPHALDGNRGKAAYLHAFVALAASSAVVAGAPGASTLLNDAIHIIDHFFWSEEEGVMLESFAQDWSGVEAYRGANSNMHATEAFLALADVTGDTRWLDRALRIVERVIHTHAAGNQFMVIEHFDTHWHPLLGYNEDNPADGFRPYGITPGHGFEWARLVLHLEAARLQAGLVTPEWLVADAKRLFASACEYAWSVDGAPGIVYTLDWNHRPVVRERLHWTHAEASAAAQALLKRTGELHYETWYRRFWEFCETHFIDRLHGSWHHELSPHNQPSSNIWGGKPDLYHAWQAVLLPALPLAPSMASAIGTGRYVTNW
A0A2N8BWY0	2.3.1.9	MTMSHDPIVIVSAVRTPMGGFQGELKSLSAPQLGAAAIRAAVERAGVAADAVEEVLFGCVLSAGLGQAPARQAALGAGLDKSTRCTTLNKMCGSGMEAAILAHDMLLAGSADVVVAGGMESMSNAPYLLDRARSGYRMGHGKVLDHMFLDGLEDAYDKGRLMGTFAEDCAEANGFTREAQDEFAIASTTRAQQAIKDGSFNAEIVPLQVIVGKEQKLITDDEQPPKAKLDKIASLKPAFRDGGTVTAANSSSISDGAAALLLMRRSEAEKRGLKPLAVIHGHAAFADTPGLFPVAPVGAIKKLLKKTGWSLDEVELFEVNEAFAVVSLVTMTKLEIPHSKVNVHGGACALGHPIGASGARILVTLLSALRQKGLKRGVAAICIGGGEATAMAVECLY
A0A2N8BSK0	3.5.1.94	MALKPLIGVTACVKQIGLHPYHVSGDKYLRAVSVAALGLPVVIPSLGELTEIDELLAHLDGLLLTGSPSNVEPFHYQGPASAPGTDHDPARDSTTLPLLRAAIAAGVPVLGICRGFQEMNVAFGGSLHQKVHELPGMLDHREADHPDLAVQYAPAHAVSVQPGGVFQALELPPVFQVNSIHSQGIDRLAPGLRAEAIAPDGLIEAISVEHSKAFALGVQWHPEWQVLANPPYLSIFQAFGDACRQRAALRNTR
A0A2K4FKG9	3.5.1.94	MSRLPLIGVTTCSRQMGLHAYHTSGDKYARAVATAAKGLPVLVPSLADLFPPSDILDALDGILLTGSPSNVEPFHYQGPASAPGTAHDPARDATTLPLIRAAVEAGVPVLGICRGFQEMNVAFGGSLHQKVHEVGTFIDHREDDTQAVEVQYGPAHAVDIQPGGILAGLGLPQSIEVNSIHSQGIERLAPGLRAEAVAPDGLIEAVSVPEGKAFALGVQWHPEWEVSSNPHYLAIFQAFGDACRARATQRDADASNNA
A0A1I5FCZ1	3.5.1.30	MRVALYQCPPLPLDPAGNLHRLHQVALEARGADVLVLPEMFMTGYNIGVDAVNVLAEVYNGEWAQQIGRIAKAANLAIVYGYPERGEDGQIYNAVQLIDAQGERLANYRKSHLFGDLDHAMFSAGDSALPIVELNGWKLGLLICYDLEFPENARRLALAGAELILVPTANMQPYEFIADVTVRARAIENQCFVAYANYCGHEAELQYCGQSSIAAPNGSRPALAGLDEALIVGELDRQLLDDSRAAYNYLHDRRPELYDDLHKH
WP_014880980	2.7.1.59	MTDSRFPYLIAVDGGGTSCRFALLKSGATPPQQLVVTGGSANVYTAPDQAVETLSAGLADLQRQSGLTDEVFHQIPVYAGLAGVIDGESAARVAEALPQAHVRVEDDRMPAVVGALGEDTASLIGVGTGSFLGRQVAGQVTLIGGHGTVLGDEASGGWLGRRALQLTLQAAEGIEPMTPLLRSCLRDFSNETAKIVRFAQTARPVAFGAYAPRVAKAAVEGDAAGRRLMAEGAEYLCNGLQALGRRPEEPVYHIGGVAAQYAAYLPADVADYLRGAEGSPLDGALELARRFAREIAQEVV
WP_014881125	1.1.3.15	MQTTFSEKQLRDPGTQRANEILRSCVHCGFCTATCPTYQVLGDELDSPRGRIYLIKDMLENERVPDAKTVKHIDRCLSCLACMTTCPSGVHYMHLVDHARAYIDKHYNRPWSDRALRWLLARILPYPGRFRLALIGAKLAQPFKRLVPDARLRAMLDMAPRHIPPVSRNDDPQSFAAKAPRRKRVALMTGCAQKALNTDINDATIRLLTRLGCEVVVAAGAGCCGALTHHMGREEESHATAAKNIRAWTDEIDGQGLDAIVINTSGCGTTVKDYGHMFRNDALAEDAARVSAIAMDISELLMQLDLPEGEDKETTVAYHAACSLQHGQQIKTHPKTLLKRAGFTVVEPADSHLCCGSAGTYNLLQPEISAELKARKVTSLEARQPDLIAAGNIGCMMQIGSATDIPILHTVELLDWATGGPKPRALVAGGPGADPRAGEIPILR
WP_086936699	3.5.1.94	MSRLPLIGVTTCSRQIGLHAYHISGEKYSRAVATAAKGLPVLIPSLADLFPPSDILDALDGILLTGSPSNVEPFHYQGPASAPGTAHDPARDATTLPLIRAAVDAGIPVLGICRGFQEMNVAFGGSLHQKVHEVGTFIDHREDDTQAVDVQYGPAHAVHIQPGGVLAGLGLPQRIEVNSIHSQGIERLAPGLRAEAVAPDGLIEAVSVPGGKAFALGVQWHPEWEVSSNPHYLAIFQAFGDACRARAAQRDADASNNA
